polarity,subjectivity
0.0,0.1
0.1,0.4
0.0,0.0
0.2,0.9
0.2,0.2
0.1,0.297
0.0,0.0
-0.044,0.556
0.136,0.455
0.325,0.5
0.283,0.578
0.05,0.2
-0.15,0.25
-0.125,0.375
0.5,0.5
0.033,0.156
0.0,0.0
0.6,0.9
-0.1,0.3
0.0,0.033
0.042,0.2
0.2,0.4
1.0,0.3
-0.6,0.9
0.2,0.1
0.0,0.0
-0.4,0.45
0.0,1.0
0.0,0.0
0.0,0.0
0.0,0.0
0.399,0.55
0.102,0.203
0.0,0.0
0.0,0.0
-0.033,0.0
0.0,0.0
0.0,0.75
0.0,0.0
0.0,0.0
0.0,0.0
0.0,0.0
-0.15,0.425
0.0,0.0
0.0,0.0
0.0,0.0
-0.5,0.5
0.425,0.625
0.0,0.0
0.0,0.0
0.0,0.4
0.0,0.0
0.0,0.0
0.121,0.39
0.0,0.0
0.0,0.0
0.0,0.0
-0.05,0.4
0.0,0.0
0.0,0.7
0.053,0.536
0.0,0.55
-0.3,0.5
0.0,0.067
0.0,0.0
0.0,0.0
0.334,0.492
0.033,0.067
0.0,0.0
0.0,0.0
0.0,0.0
0.16,0.54
0.168,0.527
0.125,0.75
-0.156,0.289
0.0,0.0
0.0,0.0
0.0,0.0
0.0,0.0
0.0,0.25
0.0,0.0
0.0,0.0
0.183,0.367
-0.21,0.18
0.0,0.0
-0.125,0.375
-0.4,0.55
0.268,0.527
0.0,0.0
0.063,0.5
0.0,0.0
0.0,0.0
0.0,0.0
0.0,1.0
0.0,1.0
0.033,0.067
0.8,0.75
-0.064,0.267
0.5,0.5
-0.051,0.509
-0.167,0.333
0.133,0.3
0.0,0.0
0.4,0.7
0.259,0.606
0.0,0.0
0.0,0.0
0.5,0.5
0.0,0.0
0.1,0.2
-0.063,0.388
-0.153,0.344
0.0,0.0
0.0,0.1
0.0,0.0
0.136,0.455
0.45,0.7
0.0,0.5
0.5,0.5
-0.167,0.167
0.0,0.0
0.0,0.25
0.0,0.0
0.1,0.4
0.6,1.0
0.073,0.388
0.5,0.5
0.2,0.1
0.0,0.1
0.2,0.2
0.0,0.0
0.387,0.577
0.25,0.25
0.136,0.455
0.033,0.067
0.243,0.318
0.333,0.6
0.0,0.0
0.0,1.0
0.118,0.227
0.0,0.375
0.068,0.727
0.042,0.067
0.5,0.5
0.5,0.5
0.0,0.0
0.0,0.0
0.0,0.0
0.0,0.0
0.0,0.0
0.0,0.0
0.0,0.0
0.0,0.0
0.167,0.5
0.16,0.54
0.067,0.333
0.0,1.0
0.117,0.083
-0.083,0.292
0.0,0.4
0.0,0.0
-0.1,0.1
0.16,0.54
0.125,0.55
0.0,0.5
0.25,0.25
0.0,0.0
0.233,0.533
0.25,0.25
0.0,0.0
0.25,0.25
0.383,0.528
0.0,1.0
-0.2,0.2
0.054,0.399
0.0,0.0
-0.125,0.125
0.0,0.0
0.0,0.0
0.5,0.5
0.0,0.0
-0.25,0.4
0.5,0.5
0.0,0.0
-0.8,0.9
0.5,0.5
-0.4,0.6
0.217,0.233
-0.011,0.756
-0.156,0.289
0.0,0.0
-0.019,0.525
-0.089,0.456
-0.071,0.214
0.212,0.352
0.6,1.0
0.0,0.0
0.2,0.3
0.318,0.477
0.0,0.0
0.108,0.71
0.125,0.375
0.0,0.067
0.286,0.536
0.0,0.0
0.0,0.0
-0.5,0.5
0.0,0.0
0.0,0.0
0.0,0.0
0.25,0.375
0.0,0.0
-0.1,0.5
0.0,0.1
0.0,0.0
0.017,0.407
0.275,0.5
0.6,1.0
0.0,0.0
0.0,1.0
0.0,0.033
0.2,1.0
-0.15,0.1
0.0,0.0
0.0,0.0
0.55,0.65
0.25,0.333
-0.2,0.342
0.0,0.0
-0.086,0.157
0.0,0.067
0.2,0.1
0.0,0.0
-0.002,0.652
0.5,0.5
0.0,0.5
-0.025,0.125
0.0,0.0
0.0,0.0
0.0,0.0
-0.125,0.375
0.0,0.0
0.0,0.0
0.0,0.0
0.0,0.0
0.1,0.35
0.0,0.0
0.5,1.0
-0.156,0.289
0.0,0.0
-0.25,0.4
0.438,0.625
-0.033,0.367
0.25,0.25
0.2,0.2
0.188,0.375
0.0,0.0
0.0,0.0
0.0,0.0
0.0,0.0
0.136,0.5
-0.5,0.5
0.0,0.15
0.5,0.5
-0.125,0.125
0.2,0.45
0.2,0.1
0.17,0.333
0.0,0.1
0.0,0.0
-0.5,0.5
-0.167,0.167
0.0,0.0
0.543,0.718
0.125,0.252
0.111,0.431
-0.056,0.328
0.0,0.0
0.2,0.2
0.0,0.125
0.0,0.0
0.0,0.0
0.5,0.5
0.0,0.0
0.0,0.0
0.136,0.455
0.0,0.0
0.0,0.0
0.0,0.0
0.0,0.0
0.0,0.1
0.5,0.5
0.0,0.113
0.0,0.522
0.0,0.0
0.2,0.2
0.188,0.438
0.0,0.0
0.5,0.5
0.0,0.0
0.0,0.125
-0.156,0.289
0.0,0.0
-0.167,0.067
0.2,0.2
-0.05,0.3
0.0,0.0
-0.5,1.0
0.083,0.583
-0.05,0.45
-0.1,0.025
0.078,0.156
0.286,0.536
-0.078,0.332
-0.078,0.144
-0.183,0.333
0.0,0.0
0.0,0.0
0.0,0.375
-0.167,0.167
0.16,0.54
0.0,0.15
0.233,0.358
0.5,0.563
0.0,0.0
-0.128,0.194
0.0,0.0
-0.5,0.3
-0.25,0.4
0.0,0.0
0.136,0.455
-0.185,0.296
0.0,0.0
0.1,0.287
0.083,0.258
0.0,1.0
-0.01,0.174
0.25,0.283
0.5,0.5
-0.078,0.644
0.0,0.0
0.0,0.313
0.025,0.163
-0.107,0.679
0.214,0.429
-0.15,0.4
0.0,0.0
0.0,0.0
0.0,0.0
-0.075,0.2
0.295,0.479
-0.056,0.022
0.045,0.174
0.0,0.0
0.175,0.367
0.064,0.154
0.167,0.522
0.0,0.143
0.25,0.25
0.0,0.0
0.5,0.5
0.0,0.067
0.0,0.0
0.4,0.7
0.0,0.6
0.0,0.0
0.0,0.0
0.068,0.415
0.1,0.4
0.5,0.5
0.0,1.0
0.067,0.233
0.5,0.5
-0.125,0.2
0.0,0.6
0.0,0.0
0.125,0.45
-0.2,0.0
0.0,0.0
-0.167,0.433
-0.167,0.433
0.05,0.388
0.0,0.0
-0.15,0.4
0.16,0.54
-0.167,0.067
0.0,0.0
-0.038,0.417
0.0,0.0
0.0,0.067
0.25,0.333
-0.05,0.2
0.0,0.0
0.0,0.0
0.0,0.067
0.0,0.0
0.0,0.0
0.0,0.067
0.5,0.5
0.2,0.1
-0.125,0.375
-0.25,0.475
0.125,0.498
0.05,0.2
0.136,0.455
0.172,0.35
0.0,0.0
0.35,0.35
0.5,0.5
0.0,0.0
-0.25,0.4
0.0,1.0
0.0,0.0
-0.133,0.133
0.092,0.342
-0.21,0.385
0.135,0.35
0.0,0.0
0.014,0.257
0.0,0.0
-0.25,0.5
0.1,0.2
0.0,0.0
0.0,0.0
0.034,0.584
-0.042,0.18
0.237,0.637
0.212,0.479
0.136,0.455
0.0,0.0
-0.025,0.344
0.031,0.3
0.4,0.7
0.033,0.122
0.0,0.0
0.25,0.375
-0.083,0.096
-0.15,0.4
0.5,0.5
0.3,0.442
-0.036,0.157
-0.1,0.05
0.17,0.435
0.068,0.477
0.16,0.54
-0.3,0.5
0.033,0.067
0.0,0.125
0.0,0.0
0.083,0.292
0.0,0.25
0.0,1.0
0.0,0.0
0.156,0.717
0.0,0.0
0.1,0.3
0.0,0.0
0.1,0.4
0.2,0.3
0.2,0.292
0.0,0.0
0.0,0.0
0.0,0.0
0.0,0.0
0.0,0.0
0.5,0.5
0.15,0.182
0.0,0.0
-0.125,0.325
0.0,0.0
0.0,0.0
0.433,0.6
-0.167,0.567
0.6,1.0
0.033,0.067
0.237,0.688
0.05,0.5
0.05,0.255
0.0,0.0
-0.125,0.125
0.0,0.5
0.178,0.622
-0.25,0.4
0.118,0.427
0.068,0.29
-0.156,0.289
0.0,0.0
0.087,0.414
0.04,0.452
0.3,0.45
-0.205,0.657
0.0,0.0
0.0,0.0
0.059,0.319
0.3,0.95
0.0,0.05
0.05,0.2
0.0,0.05
-0.156,0.289
0.25,0.333
0.3,0.433
0.5,0.5
0.131,0.453
0.0,0.0
0.5,0.833
0.0,0.0
0.0,0.0
0.075,0.3
0.0,0.55
0.249,0.597
0.367,0.489
0.0,0.0
-0.111,0.377
0.0,0.0
0.0,0.0
0.0,0.0
0.0,0.0
-0.6,0.9
0.318,0.477
0.0,0.0
0.053,0.383
0.0,0.0
0.2,0.3
0.125,0.2
0.433,0.833
0.325,0.708
0.5,0.5
0.0,0.0
0.25,0.333
0.136,0.455
0.0,0.0
0.136,0.455
0.0,0.0
-0.025,0.25
0.068,0.25
0.35,0.55
0.0,0.0
0.068,0.283
0.136,0.455
0.0,0.0
0.0,0.033
0.0,0.0
-0.156,0.289
0.357,0.571
0.25,0.333
0.0,0.067
-0.8,1.0
0.4,0.4
0.0,0.0
0.5,0.5
0.125,0.229
0.05,0.233
0.0,0.0
-0.125,0.375
0.223,0.538
0.275,0.5
0.0,0.433
0.15,0.35
0.7,0.6
0.0,0.0
0.0,0.0
0.167,0.167
0.054,0.411
-0.125,0.375
0.0,0.0
0.167,0.625
0.0,0.0
0.0,0.0
0.0,0.0
0.0,0.0
0.357,0.571
0.124,0.436
0.0,0.0
0.25,0.333
0.0,0.5
-0.023,0.26
0.107,0.286
0.25,0.25
0.0,0.0
0.3,0.45
0.0,0.0
0.0,0.0
0.0,0.6
-0.021,0.207
0.0,0.1
1.0,0.3
0.0,0.0
0.0,0.4
-0.3,0.4
0.0,0.0
0.258,0.492
-0.5,0.5
-0.1,0.233
-0.063,0.438
0.042,0.067
0.0,0.0
0.0,0.067
0.0,0.0
0.25,0.5
0.181,0.633
0.1,0.4
0.1,0.5
-0.175,0.367
0.004,0.346
0.0,0.0
0.0,0.0
0.0,0.0
0.0,0.0
0.193,0.394
0.05,0.5
0.0,0.0
0.068,0.54
-0.071,0.214
0.0,0.0
-0.061,0.361
0.417,0.65
0.1,0.233
0.0,1.0
0.0,0.0
-0.156,0.289
0.5,0.5
1.0,0.3
0.0,0.1
0.0,0.533
0.0,0.0
-0.156,0.289
0.125,0.314
0.0,0.0
0.0,0.067
-0.4,0.5
0.0,0.0
0.0,0.0
0.067,0.333
0.4,0.575
0.0,0.0
0.0,0.0
0.143,0.268
0.208,0.563
0.0,0.0
0.0,0.0
0.5,0.5
0.0,0.0
0.0,0.0
0.136,0.455
0.0,0.1
0.25,0.333
-0.167,0.467
-0.317,0.3
0.0,0.5
0.0,0.0
0.0,0.125
0.15,0.442
0.0,0.0
0.333,0.442
0.0,0.0
0.0,0.0
0.0,0.0
0.063,0.5
0.25,0.333
-0.033,0.317
0.0,0.5
0.0,0.0
0.0,0.0
0.1,0.4
-0.1,0.1
-0.5,0.3
0.1,0.222
-0.167,0.067
0.0,0.0
0.0,0.1
0.167,0.397
0.0,0.1
0.0,0.0
0.0,0.0
0.0,0.067
0.179,0.286
0.1,0.4
-0.1,0.4
0.0,0.0
0.0,0.0
0.2,0.1
-0.025,0.35
0.0,0.0
-0.425,0.65
0.5,0.5
0.0,0.05
0.318,0.477
0.367,0.467
0.0,0.0
0.35,0.35
0.0,0.0
0.5,0.5
0.5,0.5
0.061,0.184
-0.029,0.292
0.233,0.283
0.0,0.0
0.136,0.455
0.25,0.333
0.0,0.0
0.0,0.3
0.0,0.0
0.0,0.0
-0.146,0.771
-0.7,0.667
0.0,0.0
0.231,0.567
0.228,0.384
0.167,0.333
0.0,0.0
0.35,0.55
0.5,0.5
0.167,0.533
0.0,0.1
0.222,0.428
0.0,0.0
0.0,0.0
0.25,0.333
-0.15,0.45
-0.2,0.275
0.0,0.067
0.193,0.477
0.0,0.067
0.0,0.0
-0.25,0.25
-0.2,0.5
0.0,0.067
-0.117,0.333
0.25,0.45
0.45,0.278
0.5,0.5
-0.4,0.5
0.0,0.0
0.0,1.0
0.0,0.0
0.0,0.0
0.0,0.0
0.1,0.4
-0.042,0.064
-0.15,0.4
0.5,0.5
0.05,0.5
-0.2,0.637
0.0,0.0
-0.1,0.412
0.0,0.0
0.0,0.0
0.0,0.0
0.0,0.0
-0.05,0.4
-0.182,0.477
0.0,0.063
0.156,0.327
0.4,1.0
0.208,0.292
0.05,0.6
0.0,0.0
0.0,0.0
0.071,0.355
-0.133,0.533
-0.056,0.289
-0.125,0.125
0.313,0.625
0.0,0.0
0.175,0.775
0.0,0.0
0.125,0.375
-0.125,0.125
0.038,0.287
0.5,0.889
0.0,0.0
0.08,0.442
0.167,0.25
0.2,0.3
-0.075,0.2
0.0,0.0
-0.083,0.156
0.0,0.0
0.0,0.1
0.0,0.0
-0.1,0.305
0.045,0.818
0.0,0.0
0.0,0.0
-0.15,0.4
-0.5,0.5
0.0,0.0
0.0,0.0
0.0,0.0
0.0,0.033
0.0,0.0
0.0,0.0
-0.052,0.452
-0.15,0.4
0.0,0.0
-0.083,0.267
0.033,0.067
0.5,0.5
-0.071,0.536
0.0,0.0
-0.1,0.125
0.0,0.0
-0.6,0.9
0.25,0.283
0.0,0.0
-1.0,1.0
0.0,0.0
0.375,0.5
0.0,0.0
0.0,0.0
0.0,0.0
0.5,0.5
0.136,0.455
0.188,0.438
0.0,0.0
0.193,0.468
0.0,0.0
-0.3,0.4
0.0,0.0
0.0,0.0
0.0,0.0
0.0,0.0
0.1,0.342
0.214,0.429
0.0,0.0
-0.1,0.233
0.208,0.221
-0.167,0.433
-0.05,0.55
0.0,0.3
0.5,0.5
0.0,0.0
0.063,0.233
0.0,0.25
0.2,0.45
0.033,0.067
0.0,0.125
0.1,0.4
0.0,0.0
-0.097,0.415
-0.1,0.1
0.164,0.457
0.0,0.375
-0.1,0.45
-0.022,0.379
0.107,0.529
0.0,0.0
0.0,0.75
-0.167,0.583
0.0,0.0
0.5,0.5
0.25,0.5
0.0,0.0
-0.8,1.0
0.0,0.0
-0.25,0.4
0.25,0.3
0.0,0.0
-0.4,0.6
0.0,0.0
0.6,1.0
0.188,0.438
0.0,0.0
0.0,0.0
0.0,0.0
0.0,0.4
0.0,0.0
0.0,0.0
0.0,0.0
0.16,0.54
0.0,0.0
-0.15,0.4
0.25,0.313
0.0,0.0
-0.2,0.0
0.4,0.5
0.0,0.0
0.6,1.0
0.116,0.679
-0.1,0.167
0.75,0.95
0.5,0.5
-0.067,0.467
0.0,0.0
0.0,0.0
0.0,0.0
0.0,0.0
0.0,0.0
-0.125,0.125
0.0,0.0
0.053,0.356
0.167,0.5
0.0,0.0
0.125,0.25
0.0,0.0
0.0,0.396
0.318,0.477
-0.056,0.144
0.175,0.392
0.0,0.0
0.0,0.0
0.332,0.318
-0.138,0.95
0.125,0.167
0.0,0.1
0.096,0.274
0.0,0.6
0.2,0.55
-0.233,0.733
0.0,0.0
0.167,0.167
0.08,0.27
0.0,0.5
0.1,0.4
0.0,0.0
0.0,0.0
0.0,0.0
0.0,0.0
0.0,0.0
0.0,0.0
0.1,0.4
0.0,0.0
0.0,0.0
0.0,0.0
0.0,0.0
0.5,0.5
-0.033,0.289
0.0,0.0
-0.5,0.5
0.0,0.0
0.0,0.0
0.417,0.583
-0.2,0.1
-0.5,0.5
0.3,0.512
0.0,0.0
0.25,0.313
0.5,0.5
0.0,0.0
0.0,0.0
0.0,0.0
0.0,0.0
0.125,0.083
0.0,0.033
0.0,0.0
0.0,0.1
0.183,0.379
0.15,0.35
0.0,0.0
-0.263,0.637
0.0,0.0
0.033,0.067
-0.1,0.1
-0.25,0.25
0.0,0.0
-0.25,0.4
0.05,0.233
0.0,0.0
0.167,0.5
0.5,0.5
0.0,0.0
-0.083,0.633
0.0,0.0
-0.182,0.477
0.0,0.0
0.0,0.0
0.0,0.0
-0.15,0.25
0.0,0.0
0.375,0.875
-0.2,0.45
0.0,0.0
0.0,0.0
0.1,0.4
-0.6,0.9
-0.333,0.456
0.5,0.5
0.0,0.0
0.0,0.625
-0.5,0.5
0.387,0.768
0.0,0.0
0.0,0.067
0.2,0.2
-0.15,0.4
0.558,0.758
0.0,0.0
-0.113,0.237
0.2,0.1
0.0,0.0
-0.031,0.031
0.0,0.0
0.0,0.0
-0.156,0.289
0.625,0.775
0.417,0.583
0.089,0.178
0.0,0.4
0.0,0.0
0.15,0.795
0.0,0.0
0.168,0.277
0.0,0.0
0.0,0.0
-0.188,0.388
0.0,0.0
0.0,0.0
-0.15,0.4
0.0,0.0
-0.075,0.35
0.0,0.0
0.0,0.0
0.025,0.358
0.45,0.75
0.0,0.0
-0.25,0.25
0.125,0.375
0.409,0.489
0.276,0.782
0.25,0.283
0.0,0.0
0.0,0.0
-0.263,0.487
0.0,0.1
-0.15,0.35
0.05,0.2
0.0,0.0
0.0,0.0
0.333,0.417
0.2,0.3
0.125,0.142
0.0,0.0
0.118,0.45
0.0,0.0
0.29,0.402
0.0,0.0
0.0,0.0
-0.7,0.667
0.0,0.0
0.5,0.5
0.0,0.0
0.0,0.0
0.0,0.385
-0.25,0.75
0.0,0.0
0.136,0.455
0.0,0.0
0.5,0.5
0.1,0.4
0.0,0.0
-0.053,0.666
0.0,0.0
0.0,0.0
0.0,0.0
0.35,0.35
0.0,1.0
0.5,0.5
0.0,0.0
0.0,0.067
0.3,0.9
-0.156,0.289
0.1,0.15
0.0,0.0
0.0,0.0
0.0,0.0
0.5,1.0
0.0,0.0
0.3,0.45
-0.5,0.5
0.1,0.8
-0.071,0.214
0.0,0.0
0.178,0.272
-0.3,0.4
0.0,0.0
0.0,0.0
0.0,0.0
0.0,0.0
-1.0,1.0
0.0,0.0
0.0,0.0
0.0,0.0
0.0,0.0
0.0,0.0
0.0,0.0
0.0,0.0
-0.15,0.35
-0.167,0.067
0.0,0.0
0.125,0.475
0.357,0.571
0.0,0.0
0.0,0.4
0.0,0.5
-0.025,0.35
0.0,0.0
0.033,0.2
-0.077,0.54
0.2,0.2
-0.2,0.35
-0.169,0.506
0.25,0.25
0.0,0.0
0.0,0.0
0.2,0.2
0.0,0.0
0.5,0.5
0.0,0.0
0.286,0.536
0.35,0.3
0.2,0.2
0.0,1.0
0.0,0.0
0.0,0.0
0.0,0.0
0.0,0.0
0.0,0.0
0.0,0.0
0.0,0.0
0.0,0.3
1.0,0.3
0.0,1.0
0.0,0.0
0.0,0.0
0.1,0.4
-0.108,0.33
-0.125,0.375
-0.167,0.433
-0.046,0.424
0.0,0.0
0.0,0.0
0.0,0.0
0.0,0.0
0.417,0.583
0.286,0.536
0.55,0.7
0.0,0.0
0.0,0.0
-0.3,0.5
-0.156,0.289
0.125,0.375
0.067,0.3
-0.111,0.111
0.0,0.0
0.033,0.067
-0.167,0.333
0.0,0.0
0.8,0.75
0.0,0.063
0.0,0.067
0.05,0.2
-0.01,0.372
-0.3,0.2
-0.125,0.375
0.0,0.0
0.1,0.4
0.0,0.0
-0.05,0.4
0.0,0.0
0.0,0.25
0.0,0.0
0.0,0.0
-0.025,0.502
0.167,0.5
0.0,0.0
0.0,0.0
0.0,0.0
0.433,0.733
-0.037,0.233
0.16,0.54
0.0,0.0
0.35,0.35
0.25,0.333
-0.167,0.433
0.25,0.333
0.0,0.0
0.0,0.4
0.0,0.0
0.0,0.0
0.0,0.0
0.0,0.0
0.0,0.0
-0.05,0.175
0.0,1.0
0.203,0.583
0.35,0.35
0.267,0.767
0.0,0.0
0.8,0.75
0.0,0.0
0.063,0.375
0.0,0.0
0.0,0.0
0.0,0.0
0.0,0.0
0.0,0.0
0.0,0.25
0.308,0.392
0.0,0.0
-0.125,0.375
0.038,0.287
0.336,0.58
0.25,0.3
0.2,0.2
-0.3,0.5
0.0,0.0
0.0,0.125
0.0,0.0
0.0,0.6
0.167,0.333
0.4,0.633
0.0,0.0
0.0,0.0
-0.033,0.4
0.6,0.8
0.0,0.0
-0.075,0.306
0.0,0.0
-0.5,1.0
0.0,0.0
0.0,0.0
-0.5,0.7
0.0,0.55
0.3,0.55
0.1,0.0
0.036,0.256
0.068,0.261
-0.25,0.4
0.0,0.0
-0.125,0.125
0.0,0.063
0.125,0.375
-0.3,0.4
-0.095,0.484
-0.125,0.158
0.5,0.5
0.0,0.1
0.3,0.692
0.25,0.313
0.0,0.0
0.0,0.0
0.0,0.0
0.0,0.0
0.1,0.4
0.0,0.25
0.091,0.422
-0.272,0.561
0.15,0.175
-0.1,0.25
0.0,0.0
0.115,0.263
0.089,0.274
-0.022,0.189
0.0,0.0
0.1,0.3
0.0,0.0
0.033,0.067
0.0,0.0
0.0,0.0
0.1,0.6
0.0,0.0
0.0,0.0
0.218,0.227
-0.25,0.75
0.125,0.125
0.067,0.533
0.05,0.75
0.0,0.25
0.0,0.067
0.0,0.0
-0.3,0.2
0.136,0.455
0.0,0.0
0.0,0.5
0.0,0.1
0.0,0.0
0.0,0.1
0.225,0.467
0.0,0.0
0.082,0.568
0.129,0.469
0.1,0.383
0.0,0.0
0.25,0.375
0.0,1.0
0.0,0.0
0.188,0.438
0.2,0.1
0.133,0.2
0.125,0.592
0.075,0.217
0.0,0.0
0.2,0.45
0.2,0.2
0.5,0.5
0.0,0.0
0.0,1.0
0.0,0.0
-0.208,0.583
0.0,0.067
0.0,0.0
0.0,0.0
0.25,0.875
0.318,0.477
0.212,0.318
0.0,0.0
0.0,0.0
0.0,0.0
0.0,0.5
0.1,0.6
0.0,0.0
0.0,0.0
0.0,0.0
0.068,0.261
0.1,0.45
-0.35,0.4
-0.05,0.55
-0.156,0.522
0.0,1.0
0.2,0.3
0.0,0.0
0.0,0.0
0.125,0.392
0.0,0.0
-0.149,0.464
0.125,0.283
0.245,0.61
0.0,0.0
-1.0,1.0
-0.125,0.313
0.0,0.0
0.4,0.8
0.5,0.5
0.0,0.0
0.033,0.067
-0.278,0.778
-0.1,0.18
0.0,1.0
-0.26,0.13
0.0,0.0
0.0,0.0
0.222,0.5
0.0,0.0
0.136,0.455
0.053,0.536
0.0,0.0
-0.6,0.9
0.0,0.0
-1.0,1.0
0.0,0.0
0.286,0.536
0.157,0.417
0.0,0.0
0.0,0.0
0.333,0.5
-0.083,0.25
-0.031,0.656
0.0,0.0
0.25,0.283
-0.6,0.9
0.08,0.77
0.045,0.185
0.219,0.579
0.0,0.0
0.5,0.5
0.217,0.5
0.075,0.45
-0.037,0.592
0.0,0.0
0.25,0.3
-0.071,0.214
0.375,0.5
-0.05,0.05
0.0,0.0
0.0,0.067
0.0,0.0
0.5,0.5
0.075,0.542
0.188,0.313
0.5,0.5
0.5,0.5
0.0,0.0
0.0,0.0
0.148,0.497
0.433,0.733
0.136,0.455
0.188,0.438
0.0,0.0
0.1,1.0
-0.219,0.538
0.0,0.0
0.0,0.55
-0.063,0.188
0.05,0.512
0.0,0.0
0.136,0.455
0.0,0.4
0.0,0.0
0.0,0.375
0.5,0.5
0.5,0.5
0.0,0.0
0.0,1.0
0.375,0.875
0.0,0.0
0.0,0.0
0.042,0.417
0.0,0.0
0.125,0.45
0.174,0.464
0.333,0.583
-0.2,0.0
0.25,0.45
0.0,0.0
0.0,0.0
0.5,0.5
-0.5,0.5
0.136,0.455
-0.211,0.536
-0.55,0.65
0.0,0.0
0.375,0.75
0.5,0.5
0.0,0.0
0.0,0.0
0.0,0.0
0.0,0.067
0.0,0.375
0.625,0.5
0.17,0.367
0.05,0.5
0.033,0.067
0.5,0.5
-0.4,0.6
0.0,0.0
0.09,0.785
0.0,0.067
0.024,0.417
0.0,0.0
0.569,0.7
0.0,0.0
-0.15,0.4
-0.042,0.425
0.0,0.0
0.0,0.0
0.0,0.0
0.236,0.49
0.042,0.383
0.167,0.333
-0.167,0.5
0.039,0.499
0.367,0.7
0.5,0.5
-0.063,0.375
0.5,0.5
-0.15,0.4
0.0,0.0
0.5,0.5
0.0,0.0
0.0,0.0
0.0,0.0
0.0,0.0
-0.078,0.144
0.0,0.0
0.25,0.333
-0.047,0.356
0.5,0.5
-0.125,0.75
0.021,0.246
0.125,0.75
-0.156,0.289
0.136,0.455
0.0,0.0
0.5,0.5
-0.19,0.405
0.0,0.25
0.0,0.0
0.0,0.05
0.12,0.271
0.0,0.0
0.1,0.2
-0.028,0.512
0.0,0.0
0.0,0.0
0.068,0.227
0.3,0.563
0.0,0.0
0.0,0.0
-0.1,0.1
-0.083,0.3
-0.3,0.4
0.0,0.0
0.0,0.0
-0.062,0.149
-0.221,0.457
0.0,1.0
-0.2,0.775
0.0,0.0
0.1,0.0
0.0,0.0
0.0,0.0
0.318,0.477
0.6,0.9
-0.115,0.425
0.0,0.0
0.171,0.284
-0.15,0.15
0.136,0.455
0.0,0.0
-0.125,0.375
0.0,0.0
0.0,0.0
0.0,0.0
0.0,0.0
-0.083,0.033
0.068,0.227
0.0,0.0
0.0,0.0
0.2,0.2
0.25,0.25
0.0,0.0
0.0,0.0
0.333,0.5
0.0,0.0
0.0,0.221
0.067,0.3
0.401,0.409
-0.313,0.688
0.0,0.0
-0.071,0.214
0.0,1.0
0.6,0.9
0.0,0.1
-0.4,0.6
0.0,0.0
0.0,0.125
0.0,0.0
-0.125,0.375
0.3,0.7
0.0,0.0
0.0,0.0
0.0,0.4
0.25,0.333
0.0,0.0
0.0,0.563
0.125,0.314
0.321,0.414
0.0,0.0
0.0,0.0
0.0,0.0
0.0,0.0
0.0,0.0
0.5,0.5
0.0,0.0
0.08,0.27
0.25,0.5
0.45,0.5
-0.107,0.238
0.05,0.5
0.0,0.0
0.0,0.0
0.0,0.0
-0.167,0.067
0.025,0.075
0.0,0.0
0.25,0.55
0.6,0.9
0.167,0.408
0.0,0.0
0.0,0.0
0.0,0.0
0.0,0.0
0.0,0.0
0.2,0.1
0.15,0.4
0.0,0.05
0.272,0.444
0.167,0.833
0.1,0.9
0.0,0.033
0.017,0.533
0.5,0.5
0.142,0.292
0.0,0.0
-0.4,0.55
0.0,0.0
0.0,0.0
0.0,0.0
0.0,0.0
0.0,0.067
0.0,0.0
0.5,0.5
0.2,0.2
0.28,0.72
0.08,0.27
0.2,0.1
0.033,0.258
0.25,0.45
0.25,0.25
0.0,0.0
0.0,0.067
0.0,0.4
-0.05,0.133
0.25,0.5
0.068,0.727
0.0,0.0
0.0,0.0
0.0,0.813
0.0,0.0
-0.033,0.7
-0.167,0.167
0.0,0.0
0.2,0.3
0.0,0.0
-0.083,0.033
0.4,0.6
-0.05,0.55
0.0,0.0
0.095,0.179
0.0,0.0
0.0,0.0
0.0,0.0
0.0,0.0
0.4,0.9
0.0,0.067
0.0,0.0
0.08,0.27
0.3,0.9
-0.2,0.45
0.0,0.5
0.0,0.0
0.0,0.0
0.0,0.55
0.0,0.0
0.0,0.0
-0.078,0.194
0.133,0.222
0.3,0.1
0.068,0.75
0.125,0.235
0.0,0.125
0.0,0.0
0.0,0.357
0.01,0.405
0.0,0.0
-0.125,0.125
0.4,0.75
0.0,0.0
0.583,0.35
-0.25,1.0
0.05,0.55
0.0,0.0
0.25,0.25
0.0,0.067
-0.3,0.4
0.0,0.0
0.0,0.0
0.0,0.0
0.263,0.419
0.0,0.0
0.0,0.0
-0.179,0.571
0.125,0.283
0.0,0.0
0.0,0.0
0.0,0.0
-0.15,0.7
0.0,0.0
0.0,0.0
0.5,0.5
0.325,0.433
-0.007,0.427
-0.063,0.188
0.45,0.7
0.2,0.2
0.0,0.0
-0.5,0.5
0.167,0.333
0.5,0.5
0.0,0.0
0.375,0.875
0.148,0.497
-0.098,0.295
0.1,0.2
0.1,0.1
0.19,0.374
0.5,0.5
0.0,0.067
0.108,0.492
0.0,1.0
-0.5,0.5
0.0,0.0
0.0,0.6
0.0,0.0
-0.5,1.0
0.0,0.0
0.033,0.067
0.0,0.0
0.0,1.0
0.0,0.0
0.0,0.0
0.35,0.65
0.0,0.0
0.0,0.1
-0.167,0.5
0.225,0.554
0.0,0.3
0.136,0.455
0.181,0.294
0.0,0.0
0.0,0.0
0.0,0.0
0.25,0.333
0.0,0.0
0.0,0.0
0.0,0.0
0.0,0.0
-0.063,0.594
-0.15,0.4
0.25,0.313
-0.1,0.533
0.0,0.0
0.0,0.0
-0.6,1.0
0.0,0.0
0.0,0.0
0.8,0.75
0.0,0.0
0.0,0.0
-0.032,0.266
0.021,0.329
0.294,0.406
0.286,0.536
0.125,0.125
0.0,0.0
0.0,0.0
0.0,0.0
0.0,1.0
0.0,0.0
0.0,1.0
0.5,0.5
0.0,0.0
0.0,0.0
0.0,0.0
0.0,0.125
0.0,0.0
0.15,0.783
0.0,0.0
0.0,0.0
-0.2,0.3
0.0,0.067
0.0,0.0
0.0,0.05
0.0,0.0
0.0,0.0
0.0,0.4
0.5,0.5
0.0,0.0
0.0,0.067
-0.035,0.241
0.0,0.0
-0.156,0.289
0.0,0.0
0.0,0.0
0.0,0.0
0.25,0.333
0.1,0.1
0.0,0.0
0.0,0.0
0.167,0.5
0.5,0.533
0.0,0.0
0.0,0.0
0.0,0.0
-0.25,0.25
0.0,0.7
0.0,0.0
0.5,0.5
0.0,0.3
0.212,0.402
0.0,0.0
0.0,0.25
0.0,0.0
0.2,0.467
0.0,0.067
0.0,0.0
0.25,0.45
0.167,0.333
0.0,0.0
0.0,0.0
0.0,0.0
-0.082,0.477
0.0,0.0
0.267,0.283
0.033,0.067
0.0,0.0
0.0,0.0
0.45,0.85
0.333,0.5
0.45,0.45
0.2,0.9
-0.143,0.357
0.5,0.5
0.138,0.3
0.0,0.0
0.0,0.0
0.25,0.5
0.2,0.2
0.0,0.0
0.0,0.0
0.0,0.0
0.25,0.333
-0.167,0.214
0.0,0.0
0.417,0.583
-0.067,0.374
0.089,0.482
0.0,0.0
0.0,0.0
0.393,0.518
0.0,1.0
0.125,0.217
0.6,1.0
0.1,0.1
0.0,0.0
0.25,0.25
0.0,0.0
0.0,0.0
0.0,0.0
0.0,0.0
-0.4,0.55
-0.1,0.1
0.393,0.518
-0.4,0.7
-0.3,0.2
0.0,0.512
0.0,0.0
-0.082,0.477
0.0,0.0
-0.5,0.5
0.0,0.0
0.0,0.0
0.125,0.212
-0.5,0.3
0.0,0.0
-0.05,0.35
-0.167,0.583
0.0,0.0
0.0,0.0
0.0,0.1
-0.125,0.158
0.0,1.0
0.0,0.0
0.038,0.7
0.03,0.32
0.0,0.0
0.0,0.0
-0.111,0.1
0.0,0.0
0.0,0.0
-0.05,0.7
0.0,0.0
0.0,0.0
0.25,0.5
-0.8,1.0
0.0,0.375
0.0,0.0
0.5,0.5
0.0,0.0
0.25,0.333
0.0,0.0
0.5,0.5
0.0,0.0
0.0,0.0
0.25,0.333
0.2,0.3
0.0,0.0
0.033,0.067
0.121,0.371
0.0,0.0
-1.0,1.0
0.0,0.113
0.063,0.242
0.0,0.0
0.0,0.0
0.0,0.0
-0.156,0.289
0.5,0.5
-0.067,0.1
0.033,0.067
0.188,0.438
0.267,0.367
0.078,0.103
0.0,0.0
0.0,0.3
0.1,0.5
0.0,0.0
-0.017,0.2
0.1,0.4
0.4,1.0
0.25,0.5
0.0,0.0
0.162,0.596
0.0,0.0
0.0,0.5
0.344,0.469
0.5,0.5
0.361,0.5
-0.167,0.067
0.1,0.4
0.5,0.5
-0.4,0.7
0.0,0.033
0.1,0.4
0.125,0.3
0.0,0.0
0.5,0.5
0.0,0.0
0.2,0.1
0.0,0.0
0.0,0.067
0.0,0.0
-0.089,0.078
0.0,0.0
-0.156,0.289
-0.031,0.438
0.2,0.45
0.136,0.455
0.2,0.2
-0.3,0.3
0.0,0.0
0.0,0.0
-0.272,0.575
0.0,0.0
0.0,0.0
0.136,0.455
0.3,0.65
0.0,0.0
0.0,0.0
0.136,0.455
0.0,0.0
0.1,0.4
0.0,0.0
0.0,0.0
0.0,0.0
0.286,0.536
0.0,0.0
0.0,0.0
0.0,0.0
0.325,0.45
0.099,0.332
0.0,0.1
0.0,0.0
0.0,0.0
0.0,0.0
0.17,0.455
0.0,1.0
0.1,0.3
0.0,0.0
0.0,0.0
0.2,0.2
0.054,0.518
-0.063,0.188
-0.033,0.6
-0.1,0.4
0.6,1.0
0.136,0.455
-0.2,0.0
0.325,0.375
-0.2,0.325
0.0,0.0
0.5,0.625
0.313,0.333
0.267,0.333
0.308,0.492
0.2,0.1
-0.1,0.4
0.0,0.0
0.0,0.0
0.0,0.0
0.4,0.8
0.0,0.0
-0.063,0.388
-0.008,0.0
0.125,0.272
0.5,0.5
0.0,0.375
0.0,0.0
0.0,0.375
0.0,0.111
0.11,0.485
0.0,0.0
0.0,0.0
0.107,0.473
0.036,0.214
0.0,0.1
0.0,0.0
0.0,0.0
0.26,0.421
0.06,0.427
-0.083,0.583
0.0,0.0
0.0,0.0
0.0,0.0
0.25,0.333
0.033,0.258
0.05,0.55
0.0,0.096
0.0,0.0
0.0,0.0
0.0,0.0
0.0,0.0
-0.5,0.5
0.6,1.0
0.1,1.0
0.0,0.0
0.0,0.05
-0.167,0.167
0.0,0.0
-0.067,0.117
-0.083,0.583
-0.5,0.5
0.25,0.75
0.0,0.333
0.1,0.4
0.0,0.0
0.5,0.5
0.55,0.917
-0.05,0.263
-0.133,0.217
-0.3,0.2
0.0,0.0
0.038,0.287
0.0,1.0
0.284,0.461
0.0,0.0
0.136,0.455
0.067,0.567
-0.037,0.227
0.2,0.9
0.1,0.9
0.0,0.0
0.0,0.0
0.268,0.393
0.0,0.0
0.5,0.5
0.0,0.0
0.0,0.1
0.467,0.75
0.258,0.47
0.0,0.0
0.0,0.0
-0.067,0.389
0.7,0.9
0.0,0.067
0.375,0.375
0.0,0.525
0.033,0.067
0.0,0.1
0.003,0.381
0.0,0.0
0.136,0.455
-0.1,0.2
0.05,0.48
0.0,0.0
0.2,0.2
0.303,0.509
0.0,0.0
-0.082,0.327
0.4,0.8
-0.233,0.533
0.212,0.525
0.2,0.275
0.071,0.557
-0.5,0.5
0.068,0.602
0.017,0.233
0.1,0.5
0.107,0.214
0.0,0.5
0.389,0.444
0.5,0.5
0.05,0.5
0.0,0.0
0.0,0.0
0.0,0.1
0.5,0.5
0.0,0.0
0.2,0.75
-0.125,0.375
0.0,0.0
0.0,0.0
0.0,0.067
0.5,0.5
0.0,0.0
0.094,0.394
0.0,0.7
0.5,0.5
0.0,0.0
0.333,0.683
0.0,0.0
0.025,0.406
0.118,0.427
0.0,0.0
0.0,0.0
-0.058,0.217
0.0,0.0
0.0,0.0
0.25,0.5
0.121,0.375
0.0,0.0
0.0,0.52
0.0,0.0
0.0,0.0
0.225,0.267
0.5,0.5
0.25,0.75
-0.076,0.314
0.0,0.067
-0.071,0.401
0.05,0.2
0.0,0.0
-0.7,0.85
0.0,0.0
0.0,0.0
0.5,0.5
0.0,0.0
0.65,0.7
0.0,0.0
0.0,0.583
0.0,0.0
0.5,0.5
0.218,0.277
0.0,0.0
0.065,0.412
0.0,0.0
0.0,0.0
0.0,0.0
0.0,0.0
0.125,0.2
-0.313,0.688
-0.057,0.427
0.149,0.284
0.15,0.25
-0.5,0.3
-0.3,0.4
0.0,0.0
0.25,0.333
0.333,0.5
-0.125,0.125
0.0,0.0
0.0,0.0
0.0,0.0
0.0,0.0
0.0,0.0
0.0,0.0
0.0,0.0
0.0,0.0
-0.1,0.1
-0.5,1.0
0.25,0.471
0.0,0.0
-0.25,0.4
0.019,0.444
0.0,0.3
-0.05,0.65
-0.4,0.6
0.136,0.455
0.05,0.487
-0.004,0.357
0.0,0.625
0.0,0.0
-0.4,0.6
0.075,0.175
0.1,0.367
0.0,0.25
0.0,0.0
0.117,0.633
0.0,0.0
0.0,0.0
0.329,0.786
0.0,0.0
0.136,0.455
0.0,0.0
0.475,0.725
0.0,0.0
0.0,0.0
-0.024,0.071
0.286,0.536
0.0,0.0
0.167,0.283
0.0,0.0
0.267,0.367
0.133,0.375
-0.167,0.167
0.0,0.067
0.0,0.0
0.0,0.0
-0.2,0.3
0.0,0.0
-0.342,0.475
-0.5,0.5
0.0,0.0
0.038,0.287
0.0,0.0
0.011,0.156
0.6,0.8
0.75,0.95
0.136,0.455
0.0,0.0
0.3,0.9
0.263,0.844
0.0,0.0
0.0,0.5
0.0,0.0
0.083,0.542
0.0,0.0
0.0,0.0
0.2,0.3
0.0,0.0
-0.156,0.289
0.0,0.0
0.123,0.24
-0.188,0.875
0.0,0.0
0.0,0.0
0.5,0.5
0.5,0.5
-0.083,0.583
-0.156,0.289
0.0,1.0
0.0,0.0
0.063,0.563
-0.167,0.067
-0.044,0.444
0.0,0.0
-0.15,0.35
0.0,0.05
0.5,0.5
0.0,0.0
0.5,1.0
0.1,0.05
-0.111,0.078
0.017,0.708
0.4,0.7
-0.117,0.25
0.0,0.0
0.6,1.0
0.0,0.0
0.0,0.0
0.172,0.42
0.0,0.0
0.0,0.0
0.117,0.433
0.375,1.0
-0.3,0.4
0.0,0.25
0.25,0.5
0.0,0.0
0.0,0.0
0.0,0.0
-0.1,0.5
0.0,0.0
0.0,0.0
0.364,0.523
-0.5,0.5
0.0,0.0
0.208,0.702
0.0,0.0
-0.1,0.1
0.0,0.0
-0.8,1.0
0.5,0.5
0.5,0.5
0.0,0.0
0.0,0.0
0.0,0.033
-0.05,0.075
-0.2,0.0
0.188,0.438
0.0,0.0
-0.094,0.637
-0.025,0.3
0.0,0.067
0.5,0.5
0.5,0.5
0.25,0.25
0.0,0.0
0.1,0.8
0.0,0.0
0.0,0.0
0.0,0.0
-0.157,0.668
-0.6,0.9
0.0,0.0
0.5,0.5
0.112,0.302
0.0,0.0
-0.23,0.115
-0.05,0.1
0.0,0.0
0.0,0.0
0.0,0.0
0.0,0.0
0.0,0.0
0.0,0.0
0.0,0.0
0.4,0.8
0.286,0.536
0.25,0.375
-0.317,0.3
0.0,0.0
0.0,0.0
-0.25,0.4
-0.132,0.502
0.5,0.5
0.5,0.5
0.286,0.536
0.25,0.333
0.0,0.0
0.0,0.0
-0.095,0.69
0.5,0.5
0.212,0.318
0.325,0.617
-0.25,0.583
0.35,0.3
0.0,0.0
0.3,0.467
0.0,0.0
0.081,0.75
0.0,0.0
-0.1,0.1
0.25,0.333
0.083,0.233
-0.3,0.3
0.0,0.0
0.0,0.0
0.0,0.0
0.188,0.438
0.0,0.5
0.175,0.667
0.25,0.333
0.0,0.0
0.0,0.0
0.188,0.438
0.0,0.0
-0.01,0.174
0.0,0.0
0.1,0.9
0.094,0.26
0.225,0.75
-0.125,0.5
0.0,0.0
0.0,0.0
0.0,0.0
0.433,0.733
0.0,0.1
0.5,0.5
0.443,0.768
0.25,0.3
0.0,0.0
0.0,0.0
0.063,0.5
0.4,0.9
0.0,0.4
-0.333,0.333
0.0,0.292
0.0,0.0
-0.167,0.067
0.0,0.6
-0.125,0.125
0.25,0.563
0.0,0.0
0.136,0.455
0.1,0.067
0.25,0.313
0.08,0.32
0.0,0.0
0.0,0.0
0.0,1.0
0.172,0.394
0.0,0.4
0.16,0.54
0.0,1.0
0.0,0.5
0.05,0.3
-0.4,0.7
0.0,0.0
0.0,0.0
0.1,0.05
0.0,0.0
0.0,0.125
0.0,0.0
0.0,0.0
0.114,0.451
0.0,0.0
0.0,0.0
-0.113,0.113
0.0,0.2
0.0,0.0
-0.175,0.267
0.0,0.0
0.0,0.0
0.1,0.4
0.0,0.0
-0.056,0.15
0.0,0.0
0.0,0.0
0.292,0.283
0.05,0.367
0.0,0.0
0.188,0.938
0.0,0.0
0.0,0.0
0.0,0.0
-0.078,0.144
0.0,1.0
0.25,0.25
0.136,0.455
0.0,0.5
0.0,1.0
0.0,0.0
0.0,0.0
-0.5,0.9
0.205,0.443
0.5,0.5
0.0,0.0
0.5,0.5
0.2,0.1
0.2,0.2
0.1,0.183
0.0,0.0
0.0,0.0
-1.0,1.0
-0.083,0.333
0.067,0.633
-0.167,0.167
0.0,0.0
0.0,0.0
0.25,0.5
0.2,0.3
0.064,0.207
-0.063,0.313
0.0,0.0
0.0,0.0
0.027,0.273
0.4,0.7
-0.228,0.344
0.25,0.75
0.0,0.0
-0.19,0.768
-0.2,0.4
0.0,0.0
0.0,0.0
0.0,0.0
0.25,0.5
0.0,0.0
0.218,0.277
0.0,0.0
0.158,0.792
0.1,0.25
0.1,0.4
0.083,0.358
0.0,0.0
0.05,0.15
0.167,0.333
0.2,0.55
0.175,0.292
0.0,0.0
-0.5,0.5
0.25,0.346
-0.25,0.25
0.1,0.4
0.0,0.0
-0.042,0.158
0.0,0.0
0.0,0.0
-0.125,0.375
0.0,0.188
0.0,0.65
0.0,0.0
0.0,0.0
0.1,1.0
0.0,0.0
-0.4,0.5
-0.3,0.2
-0.167,0.067
0.0,0.0
0.0,0.0
0.0,0.0
0.0,0.0
0.188,0.438
-0.375,0.45
0.0,0.0
0.0,0.0
0.0,0.0
0.3,0.688
0.25,0.333
0.0,0.0
0.0,0.0
-0.125,0.375
0.5,0.5
0.0,0.0
0.6,1.0
0.158,0.37
0.136,0.455
0.136,0.455
0.2,0.15
0.5,0.5
-1.0,1.0
0.1,0.4
-0.05,0.4
-0.25,0.25
0.0,0.0
-0.058,0.308
0.0,0.75
0.0,0.0
-0.375,0.625
-0.325,0.4
-0.15,0.4
-0.389,0.833
0.0,0.0
0.9,0.9
0.0,0.0
0.5,0.5
0.1,0.4
0.188,0.688
0.0,0.1
-0.01,0.332
0.0,0.0
0.136,0.455
0.0,0.0
0.5,0.5
0.0,0.0
0.3,0.45
0.0,0.0
0.0,0.0
0.25,0.25
0.214,0.429
0.157,0.414
0.0,0.0
0.0,0.5
-0.167,0.833
0.0,0.0
0.0,0.0
-0.1,0.05
0.25,0.563
0.0,0.3
-0.044,0.256
0.0,0.0
0.167,0.483
0.0,0.0
0.0,0.0
0.2,0.3
-0.108,0.258
0.0,0.0
0.0,0.0
0.0,0.0
0.0,0.0
0.0,0.0
0.0,0.0
0.1,0.1
0.0,0.0
0.0,0.0
0.0,0.0
0.0,0.0
0.0,0.533
0.0,0.067
0.083,0.272
0.0,0.0
0.25,0.25
0.238,0.399
0.5,0.5
-0.5,1.0
0.0,1.0
0.0,0.0
0.0,0.0
0.0,0.1
-0.433,0.867
0.0,0.0
0.15,0.45
0.05,0.2
-0.167,0.333
0.0,0.0
0.0,0.033
0.0,0.0
0.433,0.733
0.0,1.0
0.0,0.0
-0.15,0.05
0.0,0.0
0.0,0.0
-0.317,0.3
0.136,0.455
0.117,0.383
0.136,0.455
0.0,0.0
0.286,0.536
0.0,0.0
0.0,0.125
0.0,0.0
-0.333,0.367
0.35,0.5
0.08,0.303
0.18,0.383
0.0,0.0
0.15,0.65
-0.3,0.5
0.5,0.5
0.0,0.1
0.0,0.25
-0.125,0.375
-0.25,0.15
0.095,0.268
0.125,0.167
0.08,0.303
-0.2,0.1
0.0,0.0
0.053,0.536
0.3,0.0
0.0,0.0
-0.225,0.3
0.0,0.0
0.0,0.5
0.167,0.275
0.0,0.0
-0.167,0.167
0.0,0.0
0.1,0.5
0.0,0.0
0.0,0.0
0.2,0.9
0.1,0.438
-0.072,0.489
0.5,0.5
-0.156,0.289
-0.083,0.508
0.0,0.0
-0.25,0.25
-0.4,0.6
0.5,0.5
0.188,0.438
0.244,0.449
0.0,0.0
0.0,0.0
0.0,0.0
0.0,0.0
0.0,0.0
-0.05,0.133
0.0,0.0
0.0,0.0
0.0,0.0
0.179,0.385
-0.333,0.383
0.2,0.452
0.429,0.702
0.053,0.44
0.0,0.0
0.0,0.0
0.1,0.35
0.0,0.0
0.0,0.0
0.188,0.323
0.25,0.283
-0.025,0.3
0.0,0.0
0.5,0.5
-0.037,0.415
0.0,0.0
0.136,0.455
0.033,0.067
0.0,0.0
0.125,0.631
0.281,0.5
0.188,0.563
0.0,0.0
0.057,0.46
-0.5,0.9
0.0,0.0
0.5,0.5
0.0,0.0
-0.1,0.256
0.0,0.0
-0.5,0.5
0.0,0.0
0.226,0.36
0.062,0.288
-0.037,0.347
0.0,0.0
0.1,0.2
-0.5,0.5
-0.4,0.7
0.5,0.5
0.1,0.3
0.0,0.0
0.038,0.287
0.0,0.0
0.0,0.0
0.5,0.7
0.0,0.0
0.068,0.352
-0.024,0.277
0.5,0.5
0.1,0.4
0.0,0.0
0.563,1.0
0.167,0.356
0.333,1.0
0.0,0.0
0.0,0.0
-0.167,0.333
0.0,0.0
-0.142,0.183
0.0,0.0
0.2,0.2
0.5,0.5
0.2,0.4
0.0,0.0
0.0,0.1
0.167,0.333
-0.1,0.1
-0.25,0.4
0.05,0.15
0.0,0.0
-0.003,0.37
-0.275,0.7
-0.1,0.4
-0.1,0.1
0.0,0.1
0.0,0.0
0.25,0.333
0.0,0.067
0.6,1.0
0.0,0.0
-0.2,0.4
0.25,0.5
0.6,1.0
0.5,0.5
-0.5,1.0
0.0,0.5
0.0,0.0
0.0,0.0
0.068,0.427
0.167,0.416
0.125,0.375
0.225,0.425
0.0,0.0
0.0,0.063
0.438,0.875
0.0,0.0
-0.167,0.067
0.125,0.458
0.0,0.0
-0.5,0.5
-0.1,0.2
0.0,0.0
-0.15,0.4
0.05,0.65
0.0,0.0
0.0,0.0
0.155,0.524
0.0,0.0
-0.107,0.152
0.5,0.625
0.0,0.0
0.0,0.0
-1.0,1.0
0.0,0.0
0.083,0.583
0.0,0.0
0.0,0.0
0.0,0.0
0.0,0.0
-0.5,0.7
0.0,0.0
0.0,0.625
0.0,0.067
0.0,0.0
0.175,0.525
0.0,0.0
0.275,0.431
0.6,0.9
0.125,0.317
0.0,0.0
0.429,0.786
0.0,0.0
0.0,0.0
0.0,0.0
0.0,0.0
0.25,0.25
0.15,0.0
-0.083,0.583
-0.5,0.5
0.4,0.5
0.5,0.5
0.175,0.367
-0.125,0.125
0.0,0.0
0.25,0.333
0.117,0.6
0.0,0.0
0.0,0.033
0.1,0.4
1.0,0.3
0.25,0.25
0.0,0.125
0.002,0.414
0.0,0.0
0.0,0.75
0.068,0.261
0.0,0.067
0.0,0.0
0.5,0.5
0.0,0.0
0.136,0.5
0.2,0.45
0.0,0.033
0.0,0.0
0.5,0.5
0.094,0.406
-0.125,0.375
-0.12,0.427
0.3,0.3
0.0,0.0
0.25,0.333
-0.033,0.6
0.0,0.0
0.0,0.0
0.0,0.0
0.112,0.185
0.1,0.35
-0.125,0.375
-0.2,0.367
0.0,0.0
0.068,0.261
0.0,0.3
0.0,1.0
0.357,0.571
0.083,0.45
0.0,0.0
0.375,0.875
0.0,0.0
0.068,0.54
-0.021,0.307
0.0,0.0
0.401,0.409
0.1,0.4
0.0,0.0
-0.3,0.5
-0.167,0.067
0.0,0.0
0.5,0.5
0.0,0.0
0.286,0.536
0.0,0.0
0.0,0.0
0.0,0.0
0.375,0.825
0.0,0.0
-0.146,0.521
0.375,0.375
0.208,0.354
0.25,0.3
-0.25,0.5
0.5,0.5
0.0,0.0
0.5,0.5
0.0,0.0
0.07,0.34
0.0,0.0
0.0,0.0
0.0,0.0
-0.25,0.25
0.0,0.0
0.1,0.4
0.0,0.0
0.25,0.283
-0.5,0.5
0.0,0.0
0.0,0.0
0.0,0.0
0.117,0.369
-0.5,0.5
-0.167,0.167
0.15,0.637
0.0,0.0
0.0,0.0
0.0,0.0
0.0,0.0
0.0,0.0
-0.125,0.375
-0.156,0.377
-0.063,0.221
0.0,0.067
0.1,0.05
0.258,0.558
0.0,0.0
-0.333,0.233
0.0,0.0
0.175,0.367
0.35,0.65
-0.1,0.4
0.533,0.633
0.0,0.0
0.186,0.412
-0.1,0.1
0.5,0.5
0.024,0.424
0.0,0.0
-0.05,0.483
0.0,0.0
0.25,0.333
0.1,0.3
0.217,0.3
0.063,0.375
0.0,0.0
0.25,0.25
-0.022,0.278
-0.032,0.468
0.0,0.1
-0.175,0.358
0.125,0.167
0.117,0.083
0.0,0.0
0.0,0.0
0.0,0.0
1.0,0.3
0.35,0.3
0.0,0.5
-0.125,0.375
0.0,0.067
0.35,0.75
0.0,0.0
0.0,1.0
0.0,0.0
-0.075,0.7
0.4,0.8
0.133,0.258
-0.25,0.25
0.0,0.0
0.136,0.455
0.0,0.4
-0.05,0.4
-0.25,0.313
0.0,0.0
0.0,0.0
0.136,0.455
0.5,0.5
0.35,0.675
0.036,0.214
0.0,0.0
0.0,0.0
0.0,0.0
0.0,0.0
0.5,0.5
0.15,0.433
0.125,0.314
0.1,0.412
0.25,0.75
0.217,0.483
0.0,0.067
0.0,0.0
0.0,0.0
-0.078,0.294
0.0,0.0
0.0,0.25
-0.125,0.4
0.0,0.0
0.0,0.0
0.0,0.0
0.0,0.0
-0.106,0.475
-0.05,0.0
0.0,0.0
0.0,0.0
0.0,0.6
0.017,0.333
0.0,0.0
0.068,0.313
0.0,0.0
0.0,0.0
0.0,0.0
-0.217,0.333
0.0,0.0
0.0,0.0
0.417,0.5
0.05,0.5
-0.045,0.425
-0.188,0.5
-0.156,0.289
0.0,0.0
0.0,0.1
0.0,0.0
0.393,0.518
0.137,0.347
0.136,0.455
0.2,0.45
0.0,0.0
0.233,1.0
0.25,0.283
0.0,0.0
-0.5,0.3
-0.075,0.233
0.0,0.0
0.0,0.0
0.0,0.0
-0.2,0.338
0.0,0.0
0.0,0.0
0.0,0.0
0.0,0.0
0.0,0.0
-0.194,0.467
-0.25,0.25
0.237,0.563
0.038,0.384
0.0,0.15
0.0,0.5
0.5,0.5
-0.4,0.7
0.067,0.445
0.0,0.0
0.167,0.367
0.0,0.0
-0.182,0.477
-0.25,1.0
0.0,0.0
0.0,0.0
0.083,0.367
0.0,0.0
0.0,0.0
0.0,0.0
-0.167,0.067
0.15,0.433
-0.5,0.5
0.5,0.5
0.078,0.8
0.0,0.0
0.0,0.0
0.0,0.45
0.033,0.467
0.0,0.25
0.0,0.0
-0.031,0.5
0.112,0.375
0.0,0.0
0.0,0.0
-0.056,0.111
0.125,0.292
0.0,0.0
0.333,0.356
0.0,0.0
0.0,0.067
0.1,0.033
0.5,0.5
-1.0,1.0
0.268,0.518
0.25,0.333
-0.056,0.203
0.5,0.5
0.5,0.833
0.0,0.0
0.4,0.362
0.0,0.0
0.317,0.533
0.0,0.0
0.1,0.775
-0.2,0.8
0.063,0.229
0.4,0.8
0.0,0.0
0.0,0.0
-0.3,0.4
0.0,0.0
0.0,0.0
0.0,0.0
0.0,0.0
0.0,0.0
0.375,0.417
0.29,0.47
-0.4,0.55
0.025,0.5
0.0,0.0
0.0,0.0
-0.083,0.217
0.0,0.0
-0.15,0.1
0.0,0.067
0.333,0.633
0.0,0.0
0.0,0.0
0.243,0.368
0.1,0.4
0.0,0.067
0.286,0.536
0.5,0.625
0.0,0.0
0.0,0.0
-0.233,0.7
0.0,0.0
0.0,0.0
0.0,0.0
-0.051,0.421
0.0,0.0
0.0,0.0
0.0,0.7
0.138,0.467
-0.4,0.6
0.0,0.75
0.101,0.49
0.283,0.411
0.0,0.1
0.0,0.067
-0.071,0.214
0.1,0.4
0.125,0.317
0.0,0.0
-0.078,0.194
0.0,0.0
0.0,0.067
0.067,0.25
0.0,0.0
0.0,0.0
0.242,0.617
0.0,0.0
0.2,0.3
0.0,0.067
0.0,0.0
0.525,0.617
0.0,0.0
0.031,0.417
0.125,0.375
0.0,0.0
1.0,0.3
0.0,0.0
-0.167,0.167
0.175,0.625
0.008,0.606
0.0,0.0
-0.167,0.167
0.0,0.0
0.136,0.455
0.0,0.0
0.0,0.357
0.5,0.5
0.068,0.227
0.089,0.4
0.0,0.0
0.0,0.0
0.011,0.189
0.0,0.0
0.25,0.75
0.217,0.383
0.0,0.0
0.25,0.3
-0.103,0.204
0.0,0.0
0.143,0.268
0.033,0.067
0.0,0.0
0.2,0.9
0.35,0.63
-0.2,0.412
0.0,0.0
-0.1,0.1
-0.208,0.667
0.25,0.5
0.033,0.067
0.16,0.54
0.1,0.3
0.25,0.7
-0.8,1.0
0.0,0.0
0.005,0.47
0.4,0.8
0.0,0.0
0.031,0.75
0.0,0.0
0.0,0.1
0.0,0.133
0.333,0.667
0.15,0.45
0.0,0.4
-0.2,0.1
0.0,0.0
0.2,0.2
0.5,0.5
0.0,0.5
0.0,0.533
0.057,0.273
-0.5,0.5
0.0,0.0
0.333,0.333
0.0,0.169
0.0,0.0
0.0,0.0
-0.125,0.25
0.0,0.077
0.0,0.0
0.16,0.54
0.1,0.4
0.2,0.3
0.333,0.5
-0.25,0.75
0.318,0.477
0.188,0.438
0.0,0.0
0.136,0.455
0.25,0.25
0.116,0.304
0.0,0.4
0.375,0.75
0.0,0.0
0.2,0.55
0.0,1.0
0.1,0.4
-0.1,0.1
0.0,0.0
0.0,0.0
-0.125,0.1
-0.7,0.667
0.0,0.0
0.286,0.536
0.0,0.0
0.1,0.1
0.2,0.3
-0.1,0.1
0.043,0.427
0.325,0.467
0.158,0.392
0.0,0.063
0.136,0.455
0.143,0.768
0.5,0.5
0.425,0.617
0.0,1.0
0.0,0.0
-0.667,1.0
0.5,0.5
-1.0,1.0
-0.15,0.233
0.0,0.625
0.0,0.0
0.237,0.269
0.417,0.6
0.0,0.0
0.0,0.0
0.267,0.317
-0.25,0.15
0.2,0.267
0.0,0.0
0.0,0.0
0.0,0.0
0.0,0.067
0.5,0.5
0.0,0.0
0.25,0.333
0.333,0.667
0.0,0.0
0.0,0.0
0.1,0.4
0.093,0.318
0.2,0.45
0.0,0.0
0.2,0.2
0.0,0.0
0.0,0.0
0.0,0.0
0.019,0.339
0.1,0.4
0.0,0.0
-0.1,0.1
-0.024,0.105
0.0,0.0
0.0,0.0
-0.25,0.25
0.0,0.0
0.8,1.0
0.0,0.0
0.5,0.5
0.0,0.0
0.0,0.0
0.136,0.455
-0.5,0.5
0.4,0.5
0.125,0.375
0.0,0.0
0.214,0.429
-0.033,0.0
0.0,0.0
0.0,0.5
0.0,0.0
0.0,0.0
0.0,0.25
0.0,0.0
0.0,0.0
0.0,0.0
0.168,0.327
-0.167,0.433
0.131,0.309
0.318,0.477
0.233,0.256
0.233,0.256
0.0,0.0
0.1,0.313
0.156,0.5
0.5,0.5
0.292,0.736
0.233,0.467
0.0,0.0
0.25,0.283
0.188,0.438
0.275,0.5
0.0,0.0
0.5,0.5
0.0,0.0
-0.25,0.4
0.0,0.0
0.0,0.0
0.0,0.0
0.0,0.0
0.0,0.0
0.1,1.0
-0.05,0.55
-0.167,0.167
0.0,0.0
0.0,0.0
-0.087,0.325
-0.15,0.783
-0.083,0.096
0.031,0.25
0.0,0.1
0.15,0.225
0.0,0.0
0.5,0.5
0.2,0.2
0.0,0.0
0.183,0.333
0.0,0.0
0.0,0.0
-0.036,0.607
0.0,0.0
0.5,0.5
0.4,0.4
0.0,0.0
0.0,0.0
0.0,0.0
0.0,0.1
0.25,0.5
0.1,0.4
0.0,0.5
-0.05,0.2
0.1,0.4
-0.11,0.34
-0.4,0.533
-0.167,0.067
0.0,0.0
0.0,0.0
0.0,0.5
0.417,0.5
-0.028,0.344
-0.125,0.375
0.8,0.75
0.0,0.0
0.0,0.0
0.0,0.0
0.156,0.5
0.5,1.0
0.0,0.0
0.3,0.45
0.0,0.0
0.3,0.45
0.068,0.277
0.5,0.5
0.0,0.25
0.0,0.25
0.0,0.0
0.0,0.0
0.0,0.125
0.0,0.0
0.0,0.067
-0.1,0.4
0.0,0.0
0.0,0.0
0.033,0.067
0.0,0.0
0.0,0.0
0.05,0.7
0.322,0.244
0.0,0.0
-0.3,0.2
0.25,0.375
0.0,0.0
0.25,0.75
0.3,0.45
0.0,0.0
0.0,0.0
0.218,0.277
0.0,0.0
0.0,0.0
0.0,0.625
0.0,0.0
0.0,0.0
-0.6,0.9
0.0,0.0
0.0,0.0
0.2,0.1
-0.05,0.05
0.183,0.542
0.5,0.5
0.033,0.544
0.468,0.45
0.0,0.5
0.1,0.2
0.0,0.0
0.0,0.0
-0.012,0.388
-0.071,0.214
0.233,0.396
0.0,0.0
0.5,0.5
0.325,0.467
0.0,0.0
-0.05,0.362
-0.167,0.067
0.0,0.55
0.0,0.0
-0.15,0.35
0.0,1.0
0.0,0.0
0.275,0.415
0.1,0.55
0.233,0.3
0.188,0.438
0.0,0.0
0.1,0.4
0.295,0.45
0.0,0.0
0.0,0.1
0.5,0.625
0.136,0.455
0.0,0.0
-0.167,0.167
0.0,1.0
0.3,0.75
0.0,0.0
-0.206,0.394
-0.5,0.5
0.0,0.0
0.0,0.0
0.05,0.379
0.031,0.156
0.0,0.0
0.0,0.0
0.0,0.563
0.0,0.0
0.0,0.0
0.0,0.067
0.136,0.455
0.05,0.233
0.0,0.0
0.045,0.667
0.0,0.0
0.0,0.6
0.0,0.1
0.25,0.5
0.158,0.339
0.286,0.536
-0.07,0.326
0.4,0.5
0.0,0.625
0.245,0.471
0.5,0.5
0.167,0.415
0.028,0.208
-0.1,0.1
0.0,0.0
0.55,0.75
0.0,0.0
0.25,0.5
0.0,0.0
0.278,0.75
0.379,0.485
0.0,0.0
0.0,0.0
0.136,0.455
-0.1,0.113
-0.02,0.27
0.0,0.0
0.0,0.0
0.0,0.0
0.083,0.144
0.0,0.0
0.0,0.0
0.0,0.375
0.0,0.0
-0.25,0.25
0.0,1.0
-1.0,1.0
0.0,0.0
0.0,0.0
0.0,0.0
-0.022,0.356
-0.333,0.467
0.0,0.75
0.0,0.0
0.0,0.0
0.136,0.455
0.0,0.0
0.033,0.067
-0.083,0.083
0.0,0.625
0.0,0.0
0.0,0.0
0.25,0.4
0.165,0.277
0.0,0.0
0.0,0.067
0.0,0.0
0.0,0.0
0.0,0.0
0.0,0.0
-0.098,0.561
0.0,0.0
0.0,0.067
0.2,0.8
0.175,0.45
0.0,0.0
-0.156,0.289
-0.013,0.063
0.0,0.0
-0.05,0.05
0.0,1.0
0.0,0.119
0.0,0.0
0.0,0.0
0.0,0.125
0.0,0.0
0.0,0.0
0.098,0.479
-0.167,0.3
0.4,0.9
-0.056,0.156
0.0,0.067
0.0,0.0
-0.033,0.189
0.0,0.067
0.1,0.4
-0.25,0.3
0.0,0.0
0.0,0.0
0.0,0.25
0.375,0.475
0.5,0.5
-0.05,0.55
0.0,0.0
0.0,0.0
0.0,0.067
-0.083,0.217
0.0,0.3
0.5,0.5
0.35,0.55
0.5,0.5
0.0,0.0
0.75,0.95
0.0,0.0
0.275,0.495
0.0,0.3
0.0,0.0
0.1,0.4
0.4,0.5
0.0,0.0
-0.128,0.417
0.279,0.352
0.087,0.304
0.0,0.0
-0.167,0.5
0.25,0.25
0.058,0.316
0.0,0.0
0.0,1.0
0.167,0.833
0.013,0.581
0.5,1.0
0.0,0.0
-0.208,0.558
0.0,0.0
0.0,0.0
-0.05,0.05
0.0,0.25
0.0,0.0
0.0,0.0
-0.145,0.272
-0.05,0.8
0.0,0.25
0.4,0.8
0.0,0.0
0.136,0.455
0.318,0.477
0.31,0.518
0.5,0.7
0.042,0.117
-0.4,0.6
0.143,0.268
0.0,0.0
-0.275,0.5
0.0,0.0
0.0,0.0
0.0,0.0
0.062,0.433
0.0,0.563
0.0,0.813
0.0,0.0
0.115,0.296
0.0,0.0
-0.5,0.9
-0.15,0.4
0.0,0.0
-0.017,0.261
0.0,0.033
0.0,0.0
0.05,0.1
0.0,0.0
-0.15,0.4
-0.467,0.517
0.125,0.375
-0.167,0.067
0.0,0.0
0.0,0.0
0.0,0.0
0.0,0.0
0.0,0.0
0.0,0.0
0.0,0.0
0.068,0.427
0.0,0.0
0.0,0.0
0.22,0.555
0.25,0.25
0.0,0.0
0.087,0.487
0.0,0.0
-0.4,0.6
0.0,0.0
-0.125,0.25
0.0,0.0
0.0,1.0
0.4,0.45
-0.203,0.394
0.0,0.0
0.0,0.0
0.368,0.627
0.0,0.0
0.0,0.0
0.0,0.0
0.0,0.033
0.143,0.33
0.0,0.0
-0.5,0.5
-0.167,0.167
0.0,0.0
-0.3,0.4
-0.108,0.366
0.0,0.0
0.05,0.4
-0.1,0.1
0.25,0.25
-0.2,0.2
0.0,0.0
0.0,0.0
1.0,0.3
0.0,0.0
0.0,0.0
0.0,0.75
0.0,0.0
0.0,0.0
0.0,0.0
-0.125,0.625
-0.217,0.35
0.5,0.5
0.0,0.0
0.0,0.0
0.0,0.067
0.0,0.0
0.25,0.25
0.0,0.0
0.0,1.0
0.033,0.067
-0.05,0.25
-0.1,0.237
0.0,0.0
0.0,0.0
0.25,0.311
0.0,0.0
0.286,0.536
0.225,0.425
0.0,0.0
0.0,0.0
0.0,0.0
0.0,0.0
0.0,0.0
0.0,0.357
0.0,0.063
0.0,0.0
0.4,0.8
0.0,0.0
0.0,0.0
-0.156,0.289
0.0,0.0
0.133,0.575
0.142,0.395
0.0,0.0
-0.1,0.083
0.091,0.47
0.0,0.0
0.286,0.536
0.0,0.0
-0.4,0.6
0.0,0.0
0.091,0.464
-0.036,0.107
-0.192,0.267
-0.133,0.367
0.1,0.2
0.0,0.0
-0.5,0.3
-0.057,0.618
0.2,0.55
0.033,0.217
0.25,0.5
0.0,0.05
0.0,0.0
0.6,0.8
0.136,0.5
0.167,0.333
-0.133,0.2
0.0,0.0
0.0,0.0
0.8,0.75
0.0,0.0
0.022,0.389
0.063,0.125
0.7,0.6
0.0,0.0
0.123,0.374
0.357,0.571
0.0,0.0
0.0,0.0
0.0,0.0
0.0,0.0
0.0,0.0
0.125,0.4
-0.222,0.341
0.0,0.0
0.0,0.0
0.0,0.125
0.45,0.85
0.0,0.0
0.0,0.0
0.2,0.55
-0.3,0.35
0.136,0.455
0.033,0.067
-0.1,0.2
-0.071,0.214
0.0,0.0
0.063,0.165
0.0,0.2
0.0,0.0
-0.1,0.1
0.225,0.592
0.0,0.0
0.0,0.25
0.0,0.0
0.0,1.0
0.375,0.75
0.0,0.0
0.5,0.75
0.0,0.0
0.0,0.0
0.0,0.0
0.5,0.683
-0.3,0.575
0.136,0.455
-0.1,0.1
0.0,0.0
0.2,0.6
-0.05,0.083
0.0,0.0
0.3,0.45
0.5,0.5
0.2,0.522
0.113,0.36
0.0,0.0
0.286,0.536
-0.4,0.7
-0.2,0.3
0.012,0.285
0.0,0.0
0.0,0.0
-0.033,0.0
0.0,0.0
0.0,0.0
0.0,0.0
0.0,0.0
0.2,0.6
0.0,0.125
0.202,0.379
0.25,0.5
0.045,0.193
0.5,0.5
-0.1,0.1
-0.022,0.522
-0.025,0.35
0.45,0.75
-0.156,0.289
0.0,0.067
0.15,0.3
0.286,0.536
0.0,0.067
-0.064,0.481
0.387,0.533
0.0,0.0
0.333,0.356
0.0,0.0
0.0,0.0
-0.25,0.4
-0.25,0.4
0.0,0.0
0.044,0.256
-0.075,0.25
0.0,0.0
0.0,0.0
0.0,0.0
0.0,0.0
-0.033,0.575
0.0,0.0
0.167,0.333
0.0,0.4
0.0,0.0
0.0,0.0
0.1,0.4
0.0,0.0
-0.017,0.217
0.0,0.0
0.136,0.455
0.0,0.0
0.0,0.267
0.0,0.0
0.214,0.429
0.0,0.0
0.267,0.433
0.22,0.387
0.0,0.067
0.0,0.0
0.0,0.067
0.0,0.025
0.0,0.0
0.0,0.0
0.067,0.252
-0.05,0.85
0.025,0.75
0.0,0.408
0.0,0.0
0.045,0.152
0.0,0.0
0.05,0.225
0.0,0.338
0.1,0.4
0.5,0.5
0.0,0.4
0.286,0.536
0.0,0.0
-0.125,0.512
0.012,0.208
0.025,0.1
0.167,0.533
1.0,0.3
0.017,0.233
-0.2,0.3
0.25,0.333
0.2,0.2
0.0,0.0
0.2,0.45
0.2,0.3
0.167,0.244
0.0,0.0
0.175,0.7
0.0,0.0
-0.083,0.167
0.25,0.333
0.0,0.0
0.3,0.4
0.136,0.455
0.0,0.0
0.127,0.543
0.125,0.75
0.068,0.352
0.0,0.0
0.0,0.0
0.0,0.0
0.0,1.0
0.0,0.0
0.0,1.0
-0.146,0.333
0.1,0.4
0.117,0.083
0.067,0.133
0.0,0.0
0.0,0.0
0.125,0.417
0.0,0.0
0.3,0.525
0.0,0.0
0.417,0.5
0.0,0.0
0.0,0.0
0.0,0.0
0.2,0.85
-0.025,0.6
0.0,0.133
0.65,0.512
0.0,0.0
0.167,0.333
0.05,0.45
0.0,0.0
0.0,0.55
0.5,0.5
0.0,1.0
0.25,0.333
0.136,0.455
0.5,0.5
0.0,0.0
0.05,0.05
-0.1,0.3
0.2,0.2
0.5,0.5
-0.063,0.438
0.0,0.0
0.0,0.067
0.479,0.786
0.0,0.0
0.063,0.5
0.188,0.525
0.0,0.0
0.136,0.455
0.0,0.0
0.1,0.6
0.2,0.3
0.417,0.583
0.059,0.495
-0.6,0.95
0.2,0.2
0.0,0.0
0.0,0.0
0.0,0.0
0.0,0.0
0.0,0.0
-0.089,0.056
-0.015,0.261
0.0,0.0
0.318,0.477
0.0,0.0
0.25,0.333
0.0,0.0
0.0,1.0
0.05,0.688
0.0,0.0
0.05,0.2
0.0,0.4
0.625,0.725
0.0,0.3
0.0,0.625
0.0,0.0
0.15,0.662
0.1,0.35
0.0,0.0
0.5,0.694
-0.1,0.1
0.167,0.333
0.75,0.95
0.0,0.0
0.5,0.625
0.0,0.067
0.0,0.0
0.425,0.475
-0.078,0.194
0.1,0.1
0.0,0.0
0.183,0.333
-0.4,0.7
0.0,1.0
0.35,0.494
0.0,0.4
0.0,0.0
0.033,0.15
-0.1,0.1
0.0,0.0
-0.075,0.25
0.0,0.0
0.25,0.683
-0.4,0.75
0.0,0.0
0.0,0.0
0.15,0.5
0.0,0.0
0.0,0.0
-0.167,0.367
-0.167,0.067
0.1,0.4
-0.125,0.2
0.08,0.27
0.0,0.5
0.0,0.0
0.214,0.571
0.1,0.133
0.6,1.0
0.136,0.455
0.0,0.0
0.0,0.25
0.45,0.7
-0.3,0.5
0.067,0.133
0.0,0.0
0.0,0.0
0.068,0.727
0.05,0.1
0.0,0.0
0.017,0.233
0.0,0.0
-0.125,0.417
0.5,0.5
0.05,0.35
-0.108,0.453
0.25,0.333
-0.15,0.3
0.0,0.05
0.25,0.333
0.16,0.54
0.0,1.0
0.0,0.0
-0.083,0.583
0.15,0.563
0.167,0.283
0.0,0.0
0.0,0.0
0.045,0.552
0.136,0.455
0.5,0.5
0.018,0.107
0.136,0.455
0.0,0.0
0.0,0.0
0.0,0.0
0.0,0.52
-0.117,0.325
0.0,0.3
0.129,0.279
0.0,0.0
0.0,0.0
-0.042,0.377
-0.308,0.458
0.0,0.5
0.5,0.5
-0.255,0.618
0.0,0.0
0.217,0.4
0.0,0.0
-0.1,0.263
0.0,0.0
0.5,0.5
-0.089,0.181
0.2,0.1
0.0,0.3
0.212,0.318
0.368,0.627
-0.188,0.5
0.214,0.357
0.0,0.1
0.167,0.542
0.0,0.0
0.24,0.545
0.4,0.8
0.393,0.518
0.0,0.0
0.0,0.0
0.6,0.8
0.0,0.0
0.0,0.0
0.0,0.0
0.5,0.5
-0.2,0.1
0.0,0.0
0.0,1.0
0.0,0.0
-0.15,0.7
0.373,0.631
0.5,0.5
0.0,0.0
-0.375,0.392
0.05,0.442
0.0,0.0
-0.083,0.267
0.125,0.167
-0.015,0.444
-0.275,0.4
0.061,0.356
0.0,0.0
0.143,0.418
0.2,0.3
0.0,0.0
0.112,0.618
0.0,0.1
0.0,0.0
0.1,0.4
0.0,0.0
0.0,0.0
0.0,0.0
0.069,0.457
0.063,0.5
0.0,0.0
0.0,0.0
-0.125,0.755
0.058,0.492
0.0,0.0
0.0,0.6
0.0,0.0
0.125,0.158
0.0,0.0
0.0,0.0
0.022,0.456
0.244,0.356
-0.075,0.7
0.08,0.332
0.0,0.0
0.0,0.0
-0.208,0.208
0.188,0.438
0.0,0.0
0.0,0.067
0.031,0.6
0.0,0.0
0.158,0.333
0.083,0.147
0.25,0.25
0.375,0.406
0.0,0.0
0.025,0.3
0.0,0.0
0.067,0.533
0.5,0.5
0.0,0.0
0.0,0.1
0.0,0.067
0.033,0.067
0.5,0.5
0.5,0.5
-0.125,0.375
0.175,0.45
0.0,0.5
0.0,0.45
0.0,0.0
0.5,0.75
0.5,0.5
0.188,0.438
0.0,0.0
0.0,0.375
-0.067,0.117
-0.05,0.475
-0.225,0.25
0.1,1.0
-0.1,0.3
0.25,0.333
0.0,0.0
0.25,0.375
0.0,0.0
0.1,0.4
0.2,0.2
0.2,0.1
0.265,0.435
0.0,1.0
0.0,0.0
0.0,0.0
0.0,0.0
-0.089,0.222
0.286,0.536
0.173,0.36
0.0,0.0
0.247,0.513
0.0,0.0
0.3,0.3
-0.167,0.067
0.4,0.9
0.0,0.0
0.0,0.0
0.0,0.0
0.0,0.0
0.0,0.0
0.0,0.5
-0.025,0.4
0.268,0.627
0.0,0.3
-0.156,0.289
0.8,0.9
0.0,0.0
-0.25,0.25
0.0,0.0
0.0,0.0
0.0,0.0
0.0,0.0
0.0,0.0
0.2,0.2
0.136,0.455
0.0,0.0
0.125,0.3
0.0,0.0
0.167,0.283
0.0,0.125
0.5,0.7
0.0,0.0
0.0,0.0
0.0,0.0
0.25,0.25
0.0,0.0
0.078,0.256
0.0,0.0
0.0,0.0
0.0,0.067
0.0,0.0
0.0,0.0
0.0,0.0
0.136,0.455
0.033,0.067
0.0,0.0
-0.01,0.372
-0.15,0.4
0.4,0.5
-0.5,0.5
0.0,0.5
-0.03,0.365
0.0,0.0
0.333,0.5
0.0,0.0
0.0,0.063
-0.013,0.388
0.0,0.45
0.0,0.0
0.0,1.0
0.0,0.0
0.0,0.067
0.0,0.0
-0.167,0.5
0.136,0.455
0.5,0.5
0.167,0.367
0.129,0.263
-0.102,0.252
-0.153,0.344
0.0,0.0
0.0,0.0
0.5,0.833
0.0,0.0
0.268,0.435
0.0,0.0
0.0,0.0
0.0,0.0
0.0,0.0
0.0,0.0
-0.083,0.221
0.0,0.0
0.35,0.35
0.25,0.25
0.0,0.0
-0.375,0.625
0.0,0.0
0.417,0.583
0.0,0.0
-0.006,0.157
0.0,0.2
0.0,0.067
0.0,0.0
0.35,0.35
-0.5,0.5
0.175,0.308
0.0,0.0
-0.167,0.433
-0.125,0.375
0.367,0.5
0.0,0.0
-0.2,0.325
0.0,0.0
-0.063,0.388
0.0,0.067
0.0,0.0
0.0,0.0
0.0,0.0
0.087,0.59
-0.1,0.2
0.033,0.533
-0.3,0.367
0.05,0.225
0.0,0.0
0.0,0.0
-0.091,0.458
0.5,0.275
0.0,0.067
0.0,0.0
0.4,0.7
0.2,0.6
0.0,0.067
-0.5,0.5
0.1,0.15
0.25,0.333
-0.167,0.167
0.0,0.0
-0.275,0.617
0.5,0.5
0.0,0.0
-0.533,0.467
0.25,0.283
0.0,0.0
0.033,0.067
0.0,0.0
-0.3,0.5
0.0,0.0
0.286,0.536
0.5,0.5
-0.225,0.55
0.0,0.0
0.1,0.0
0.2,0.2
0.0,0.0
0.223,0.41
0.118,0.727
0.031,0.283
0.0,0.0
0.0,0.0
0.0,0.067
0.0,0.0
0.0,0.0
0.5,0.5
0.0,0.0
0.167,0.167
0.0,0.0
0.1,0.383
0.25,0.63
0.286,0.536
-0.075,0.233
0.136,0.455
0.122,0.167
0.083,0.244
0.208,0.267
0.0,0.0
-0.025,0.3
-0.071,0.214
0.0,0.0
0.0,0.0
0.0,0.0
0.192,0.281
0.0,0.0
0.0,0.0
0.16,0.54
-0.283,0.55
0.0,0.0
0.0,0.0
-0.372,0.525
0.0,0.0
-0.071,0.143
0.068,0.277
0.5,0.625
0.167,0.333
0.0,0.0
0.068,0.318
0.0,0.0
0.0,0.0
0.1,0.1
0.0,0.0
0.0,0.0
0.0,0.0
0.0,0.0
0.3,0.1
0.0,0.0
0.017,0.033
0.0,0.0
0.65,0.625
0.0,0.0
0.0,0.0
0.0,0.0
-0.3,0.4
0.0,0.0
0.0,0.0
0.267,0.483
0.0,0.5
0.0,0.1
-0.075,0.2
0.0,0.0
0.0,0.0
0.033,0.067
0.2,0.2
-0.132,0.577
0.237,0.313
0.0,0.0
0.233,0.417
0.0,0.0
0.0,0.067
0.0,0.1
0.2,0.3
0.0,0.15
0.0,0.067
0.25,0.3
0.0,0.0
0.0,0.0
-0.2,0.8
0.0,0.0
0.0,0.0
0.0,0.1
0.181,0.7
0.5,0.5
0.1,0.05
0.6,1.0
0.2,0.1
0.0,0.0
0.5,0.5
0.083,0.338
0.0,0.0
-0.012,0.338
-0.1,0.1
0.0,0.0
0.0,0.0
0.05,0.5
-0.45,0.7
0.0,0.0
-0.25,1.0
0.0,0.067
0.068,0.227
0.25,0.3
-0.15,0.4
0.3,0.1
0.031,0.237
0.175,0.4
0.0,0.0
0.0,0.0
0.175,0.258
0.5,0.5
-0.14,0.332
0.6,0.8
0.212,0.485
-0.05,0.4
-0.063,0.063
0.0,0.0
0.0,0.0
0.0,0.0
0.5,0.5
0.0,0.0
0.0,0.0
-0.25,0.75
0.0,1.0
0.0,0.0
0.0,0.0
0.25,0.333
-0.25,0.55
0.0,0.0
0.0,0.0
0.193,0.394
0.0,0.0
0.122,0.589
0.2,0.2
0.06,0.371
0.136,0.455
0.25,0.333
-1.0,1.0
-0.333,0.5
-0.5,0.5
0.0,0.0
0.0,0.0
0.0,0.0
0.5,1.0
0.35,0.333
0.0,0.0
0.0,1.0
0.0,0.25
0.6,0.8
0.0,0.0
0.25,0.5
0.0,0.0
0.4,0.8
0.0,0.0
0.2,0.1
0.5,0.5
0.2,0.4
0.193,0.394
-0.156,0.289
-0.063,0.188
0.083,0.483
0.25,0.5
0.55,0.7
0.0,0.0
0.1,0.4
0.0,0.067
0.0,0.0
0.0,0.0
0.25,0.6
0.0,0.0
0.0,0.0
-0.1,0.367
0.0,0.0
0.059,0.614
0.168,0.518
0.224,0.585
0.2,0.2
0.1,0.1
0.05,0.6
0.438,0.875
0.0,0.0
0.0,0.0
0.035,0.359
0.0,1.0
0.167,0.383
0.0,0.0
0.0,0.0
0.0,0.0
0.0,0.0
0.0,0.067
0.0,0.0
0.0,0.0
0.5,0.5
0.1,0.567
0.3,0.45
0.1,1.0
0.179,0.286
0.5,0.5
-0.156,0.289
0.142,0.2
0.125,0.563
-0.05,0.05
0.0,0.067
-0.05,0.467
-0.389,0.6
0.0,0.067
0.0,0.0
0.317,0.408
-0.156,0.289
0.125,0.375
0.0,0.0
0.0,0.25
0.5,0.5
0.5,0.5
0.0,0.0
0.0,0.0
0.128,0.322
0.0,0.0
0.0,0.0
0.286,0.536
0.0,0.0
0.0,0.0
0.5,0.5
0.5,0.833
0.0,0.0
0.0,0.0
0.212,0.378
0.0,0.0
0.0,0.0
0.139,0.447
0.0,0.0
-0.05,0.383
0.121,0.355
0.1,0.1
0.0,0.0
-0.4,0.6
0.111,0.211
0.0,0.0
0.0,0.0
0.0,0.0
0.7,0.9
0.16,0.54
0.017,0.058
0.136,0.455
0.0,0.0
0.068,0.727
0.25,0.563
-0.2,0.1
0.25,0.333
0.0,0.5
0.8,0.75
0.0,0.0
0.0,0.125
-0.7,1.0
0.0,0.0
-0.078,0.194
0.5,0.5
0.0,0.0
0.35,0.3
0.0,0.0
-0.5,0.55
0.0,0.0
0.0,0.0
0.0,0.5
0.5,0.5
-0.167,0.067
0.0,0.0
0.5,1.0
0.0,0.0
0.0,0.0
0.5,0.5
-0.025,0.567
0.047,0.311
0.0,0.0
0.0,0.0
0.0,0.0
-0.5,0.5
0.0,1.0
0.051,0.398
0.0,0.0
0.0,0.0
0.0,0.0
0.292,0.588
0.0,0.0
0.0,0.0
0.0,0.0
0.5,0.5
0.0,0.0
0.0,0.077
0.0,0.0
0.0,0.0
0.0,0.0
0.0,1.0
0.0,0.0
-0.156,0.289
0.6,0.9
0.0,0.0
0.1,0.1
0.25,0.311
-0.5,0.5
0.0,0.0
-0.3,0.2
0.233,0.6
0.078,0.156
0.0,0.0
0.0,0.0
0.4,0.667
0.0,0.0
0.25,0.3
-0.083,0.208
-0.254,0.558
0.0,0.0
-0.097,0.411
-0.057,0.387
0.0,0.0
0.4,0.708
0.179,0.411
0.188,0.75
0.65,0.5
0.0,0.0
0.286,0.536
0.42,0.647
0.625,0.5
0.5,0.5
0.0,0.0
0.33,0.52
0.0,0.2
0.0,0.0
-0.08,0.41
-0.095,0.381
0.3,0.367
0.068,0.468
0.0,0.0
0.0,0.0
0.0,0.0
-0.031,0.438
0.286,0.536
-0.1,0.1
0.0,0.067
0.208,0.75
0.0,0.0
0.0,0.0
0.167,0.408
0.0,0.0
0.5,0.5
0.0,0.0
0.0,0.0
0.212,0.318
-0.017,0.367
0.3,0.533
0.043,0.105
0.0,0.0
-0.185,0.455
0.0,0.167
0.0,0.0
0.0,0.0
0.0,0.0
0.0,0.0
0.117,0.083
0.0,0.0
0.0,0.0
0.214,0.571
0.0,0.0
0.0,0.0
0.0,0.0
0.0,0.0
0.0,0.0
0.0,0.0
0.0,0.0
0.25,0.75
0.0,0.0
0.0,0.0
-0.125,0.375
0.0,0.0
0.0,0.564
-0.25,0.283
0.0,0.0
-0.156,0.289
0.0,0.0
0.111,0.189
0.0,0.0
0.5,0.5
-0.3,0.2
0.0,0.0
0.238,0.475
0.25,0.283
0.0,0.0
-0.125,0.375
0.0,0.0
0.143,0.268
0.0,0.275
0.0,0.0
-0.6,0.95
0.0,0.333
0.0,0.0
0.0,0.1
0.0,0.0
0.5,0.5
-0.075,0.263
0.0,0.1
0.0,0.0
-0.256,0.456
0.0,0.1
-0.083,0.317
0.0,1.0
-0.1,0.3
-0.2,0.6
0.0,0.0
0.5,0.5
0.0,0.0
0.078,0.156
0.0,0.0
0.333,0.45
0.344,0.389
0.0,0.0
0.0,0.25
0.0,0.0
0.0,0.533
0.0,0.0
0.0,0.0
0.25,0.333
0.0,0.0
0.0,0.0
-0.056,0.411
0.417,0.483
0.0,0.0
0.136,0.455
0.022,0.256
0.014,0.409
-0.125,0.375
-0.393,0.536
-0.25,1.0
0.0,0.0
0.08,0.27
-0.1,0.1
0.375,0.875
0.333,0.833
0.479,0.786
0.163,0.575
-0.191,0.719
0.0,0.0
0.0,0.0
0.0,0.1
-0.156,0.289
0.35,0.525
0.2,0.1
-0.244,0.4
0.006,0.415
0.267,0.483
0.0,0.222
0.025,0.25
-0.071,0.214
0.042,0.375
-0.032,0.227
1.0,0.3
0.0,0.0
0.6,0.8
0.0,0.0
-0.167,0.067
0.0,0.333
0.286,0.536
-0.15,0.3
0.0,0.0
0.0,0.1
-0.225,0.175
0.0,0.0
0.0,0.0
0.25,0.517
-0.167,0.167
0.0,0.0
0.3,0.0
0.286,0.536
0.2,0.2
0.35,0.55
0.063,0.304
0.0,0.5
0.0,0.0
0.0,0.0
0.117,0.083
0.2,0.4
0.25,0.4
0.0,0.0
0.0,0.0
0.0,0.0
0.0,0.0
0.483,0.85
0.5,0.625
0.0,0.0
0.214,0.429
0.125,0.375
0.0,0.0
0.25,0.667
0.0,0.0
0.25,0.563
0.208,0.354
0.0,0.0
0.0,0.0
0.4,0.433
0.0,0.0
0.0,0.0
0.0,0.0
0.5,0.5
-0.075,0.467
0.0,0.0
0.0,0.1
0.142,0.292
0.0,0.0
0.0,0.0
0.0,0.0
0.5,0.5
0.0,0.0
0.0,0.0
0.025,0.558
-0.156,0.652
0.0,0.0
0.0,0.0
0.068,0.25
0.1,0.45
0.5,0.5
0.1,0.233
-0.106,0.21
0.417,0.658
0.036,0.214
-0.094,0.283
-0.15,0.4
0.05,0.3
0.211,0.495
0.0,0.0
0.0,0.5
0.0,0.563
0.0,0.0
-0.1,0.5
0.021,0.272
0.438,0.688
0.0,0.0
-1.0,1.0
0.136,0.44
0.0,0.0
0.0,0.0
0.0,0.0
-0.432,0.727
-0.286,0.357
0.0,0.0
0.063,0.5
-0.156,0.289
0.011,0.189
0.0,0.0
0.0,0.0
-0.156,0.289
0.0,0.0
0.127,0.391
0.0,1.0
0.35,0.65
0.0,0.0
0.25,0.375
0.117,0.54
0.0,0.0
0.0,0.0
0.0,0.0
-0.167,0.167
0.0,0.1
0.125,0.2
0.067,0.608
0.0,0.0
0.0,0.0
0.0,0.0
0.0,0.0
0.0,0.125
0.0,0.0
0.0,0.0
0.0,0.0
0.0,0.0
-0.313,0.313
0.0,0.0
0.125,0.375
0.0,0.0
0.0,0.0
0.087,0.293
0.167,0.333
0.0,0.75
-0.267,0.517
0.0,0.0
0.136,0.455
0.05,0.15
0.1,0.4
-0.2,0.4
-0.1,0.1
-0.489,0.556
0.0,0.0
0.5,0.5
-0.5,0.5
0.0,0.0
-0.167,0.067
0.0,0.0
0.193,0.477
-0.056,0.411
0.167,0.433
0.0,0.083
0.0,0.0
0.4,0.8
0.0,0.0
-0.5,1.0
0.0,0.0
0.0,0.0
0.0,0.0
0.158,0.325
0.0,0.0
0.25,0.283
-0.083,0.083
0.0,0.0
0.5,0.5
0.064,0.207
0.0,0.5
0.075,0.192
-0.5,0.7
0.033,0.067
0.0,0.0
0.0,0.0
0.0,0.0
0.0,0.0
0.25,0.625
0.0,0.158
-0.178,0.194
-0.085,0.403
0.18,0.5
0.0,0.0
0.08,0.16
0.0,0.0
0.0,0.0
0.25,0.3
0.0,0.0
0.0,1.0
0.0,0.0
0.0,0.125
0.0,0.125
0.0,0.0
0.15,0.442
0.0,0.0
0.0,0.0
-0.05,0.55
0.0,0.0
-0.15,0.4
-0.15,0.4
0.0,0.2
0.0,0.0
0.175,0.355
-0.019,0.596
0.456,0.878
0.0,0.0
-0.1,0.1
0.25,0.333
0.152,0.385
0.0,0.0
0.0,0.0
0.0,0.0
-0.075,0.2
0.05,0.5
0.083,0.333
-0.025,0.467
0.5,0.5
0.0,0.0
0.3,0.2
0.3,1.0
0.0,0.0
0.167,0.75
0.0,0.0
0.2,0.6
0.167,0.167
0.068,0.227
0.0,0.375
-0.125,0.375
0.0,0.0
0.2,0.5
0.0,0.0
-0.8,1.0
0.0,0.0
0.0,0.0
0.0,0.0
0.0,0.0
-0.05,0.8
0.0,0.0
0.0,0.0
0.0,0.0
-0.167,0.333
0.5,0.5
-1.0,1.0
0.175,0.45
0.0,0.077
-0.8,1.0
0.028,0.306
0.2,0.1
0.0,0.0
0.339,0.414
-0.1,0.1
0.136,0.455
0.0,0.4
0.2,0.55
0.188,0.438
0.0,0.0
0.0,0.0
0.0,0.0
0.25,0.333
-0.071,0.214
0.0,0.0
0.5,0.5
-0.25,0.15
0.2,0.2
0.0,0.0
-0.05,0.8
0.0,0.0
0.136,0.455
0.0,0.0
0.0,0.0
0.06,0.602
0.78,1.0
-0.05,0.233
-0.147,0.147
-0.2,0.0
0.0,0.0
0.0,0.0
0.0,0.0
0.0,0.25
-0.2,0.367
0.205,0.437
-0.075,0.45
0.0,0.0
0.0,0.0
0.0,0.0
0.05,0.433
0.0,0.147
-0.083,0.467
0.0,0.0
0.6,1.0
-0.05,0.5
0.0,0.0
-0.2,0.4
0.0,0.0
-0.3,0.5
-0.3,0.5
-0.1,0.0
0.0,0.0
0.125,0.36
-0.183,0.217
0.286,0.536
0.0,0.0
0.025,0.3
0.0,0.0
0.0,0.0
0.0,0.3
0.283,0.489
0.0,0.0
-0.3,0.4
0.033,0.067
0.04,0.28
0.011,0.233
0.0,0.0
-0.257,0.768
0.136,0.455
0.0,0.0
0.0,0.75
0.0,0.1
0.7,0.9
0.7,0.6
0.0,0.125
0.0,0.0
0.118,0.377
0.33,0.52
0.0,0.0
-0.076,0.334
-0.155,0.474
0.1,0.4
0.012,0.185
0.2,0.6
0.0,0.05
-0.25,1.0
0.0,0.1
0.247,0.513
-0.063,0.314
0.3,0.5
0.0,0.388
0.033,0.3
0.2,0.2
0.0,0.0
0.0,0.0
-0.15,0.35
0.25,0.5
0.0,0.067
0.16,0.54
0.0,0.0
0.0,0.0
-0.125,0.375
0.0,0.0
0.063,0.5
0.0,0.0
-0.1,0.1
0.0,0.0
0.0,0.4
-0.1,0.1
-0.083,0.217
0.0,0.0
0.2,0.55
0.1,0.283
0.0,0.0
0.0,0.0
0.227,0.545
0.167,0.333
0.188,0.487
0.0,0.0
0.0,0.0
0.16,0.54
0.0,0.0
0.5,1.0
-0.11,0.34
-0.153,0.622
0.5,0.5
0.0,0.0
0.138,0.487
0.0,0.0
0.286,0.536
-0.075,0.233
0.0,0.0
-0.122,0.189
-0.077,0.42
0.0,0.0
0.0,0.0
0.033,0.1
0.6,1.0
0.333,0.467
0.0,0.0
0.175,0.45
-0.02,0.23
0.5,0.5
0.0,0.0
0.2,0.2
0.0,0.0
0.25,0.3
0.0,0.0
-0.008,0.492
-0.6,1.0
0.0,0.0
0.286,0.536
0.0,0.1
0.0,0.0
0.111,0.422
0.0,0.0
-0.3,0.5
0.0,0.058
-0.167,0.117
0.0,0.0
0.0,0.0
0.511,0.678
0.0,0.0
0.0,0.0
0.0,0.0
0.0,0.0
0.0,0.0
0.0,0.0
0.1,0.4
0.0,0.1
0.0,0.0
0.0,0.0
0.0,0.0
0.0,0.0
0.0,0.625
0.044,0.131
0.167,0.2
0.0,0.0
-0.25,0.75
0.0,0.3
-0.5,0.5
0.333,0.5
-0.063,0.237
0.1,0.4
-0.063,0.188
-0.4,0.55
0.0,0.0
-0.133,0.733
0.0,0.0
-0.275,0.525
0.15,0.333
0.188,0.313
0.4,0.8
0.0,0.0
0.0,0.0
-0.1,0.1
-0.25,0.5
0.093,0.318
0.0,0.0
0.0,0.0
0.0,1.0
-0.078,0.144
0.0,0.0
0.0,0.0
-0.5,0.3
0.0,0.0
0.208,0.542
0.0,0.0
0.083,0.111
-0.125,0.125
-0.0,0.489
0.0,0.3
0.0,0.0
0.345,0.679
0.313,0.438
-0.2,0.45
-0.5,0.5
0.0,0.75
0.0,0.4
-0.4,0.6
0.0,1.0
0.133,0.45
-0.225,0.4
0.0,0.0
0.167,0.333
0.0,0.0
-0.5,0.3
0.0,0.0
0.0,0.0
0.152,0.394
0.0,0.077
0.0,0.0
0.078,0.342
0.136,0.455
0.0,0.0
0.35,0.525
0.157,0.4
-0.1,0.1
0.183,0.278
0.0,0.0
0.0,0.25
0.188,0.438
-0.05,0.65
0.0,1.0
0.25,0.5
-0.15,0.4
0.0,0.0
0.5,0.5
0.5,0.5
-0.182,0.477
0.275,0.375
0.1,0.05
0.0,0.0
0.0,0.0
0.0,0.5
0.0,1.0
0.125,0.25
0.0,0.0
-0.2,0.0
0.042,0.346
0.0,0.125
0.1,0.4
0.0,0.0
0.0,0.0
0.625,0.5
0.011,0.397
-0.025,0.125
0.0,0.1
0.0,0.0
0.0,0.0
0.0,0.0
0.0,0.0
0.45,0.75
0.0,0.0
0.0,0.0
-0.015,0.283
0.068,0.352
0.25,0.625
0.25,0.333
0.0,0.0
-0.05,0.2
0.0,0.05
0.384,0.355
0.0,0.0
-0.2,0.0
0.0,0.0
0.25,0.333
0.0,0.0
0.0,0.5
0.0,0.625
0.017,0.133
0.0,0.0
-0.217,0.333
0.0,0.0
-0.15,0.35
-0.5,0.5
0.5,0.5
0.0,0.0
0.0,0.0
0.117,0.317
0.033,0.067
0.0,0.0
0.0,0.0
0.35,0.45
0.25,1.0
0.136,0.5
0.0,0.0
-0.042,0.058
0.0,0.0
0.0,0.125
0.1,0.4
0.25,0.5
0.25,0.283
0.0,0.0
0.0,0.0
0.0,0.7
0.268,0.577
0.0,0.0
-0.5,0.3
-0.058,0.233
0.0,0.0
0.188,0.402
-0.1,0.4
0.0,0.0
0.042,0.283
0.0,0.0
0.117,0.083
0.25,0.333
-0.1,0.25
-0.167,0.708
0.0,0.0
0.0,0.0
0.044,0.156
0.0,0.4
0.0,0.1
0.15,0.2
0.317,0.6
0.0,0.0
0.3,0.0
0.0,0.0
-0.333,0.333
0.0,0.0
0.0,0.05
0.0,0.0
-0.29,0.608
0.0,0.05
0.0,0.0
0.0,0.0
0.125,0.625
0.0,0.75
0.5,0.5
0.0,0.067
0.0,0.0
0.0,0.0
-0.4,0.6
0.024,0.248
0.0,0.0
0.0,0.0
0.243,0.418
0.55,0.65
0.0,0.0
0.0,0.0
0.8,0.4
0.136,0.455
-0.091,0.255
0.5,0.5
-0.094,0.375
0.0,0.0
0.097,0.612
-0.156,0.289
0.0,0.0
-0.3,0.525
0.0,0.0
0.118,0.277
0.0,0.0
-0.125,0.375
0.0,0.563
0.0,0.0
0.125,0.167
0.025,0.45
0.0,0.0
0.0,0.0
0.0,0.0
-0.11,0.2
0.125,0.25
0.175,0.358
0.042,0.375
-0.071,0.214
0.022,0.169
0.111,0.244
0.068,0.29
0.0,0.0
0.0,0.0
0.0,0.0
0.2,0.55
0.227,0.545
0.0,0.0
0.0,0.067
-0.056,0.389
0.0,0.0
0.0,0.0
0.0,0.375
-0.158,0.233
-0.6,0.675
0.0,0.0
0.214,0.571
0.0,0.0
0.65,0.7
0.0,0.0
0.181,0.4
0.136,0.455
0.0,0.0
0.0,0.0
0.392,0.542
0.375,0.75
0.0,0.0
0.0,0.417
0.367,0.7
0.0,0.0
-0.083,0.033
0.0,0.0
0.0,1.0
-0.433,0.767
0.2,0.1
-0.433,0.6
-0.25,0.5
0.0,0.05
0.083,0.111
0.125,0.667
0.0,0.0
-0.056,0.287
-0.52,1.0
-0.083,0.267
0.0,0.0
-0.083,0.283
0.0,0.167
0.0,1.0
0.118,0.327
0.5,0.5
0.061,0.322
0.0,0.0
0.133,0.667
0.0,0.5
0.0,0.0
0.467,0.667
0.0,0.0
0.0,1.0
0.158,0.37
-0.217,0.475
-0.093,0.453
0.0,0.0
0.093,0.477
0.0,0.0
0.32,0.413
-0.9,1.0
0.0,0.067
0.0,0.0
0.8,0.9
0.0,0.0
-0.067,0.229
-0.044,0.383
0.25,0.5
0.5,0.5
0.0,0.0
0.175,0.367
0.1,0.1
0.0,0.0
0.15,0.775
-0.083,0.583
0.25,0.375
-0.063,0.188
-0.4,0.7
-0.2,0.222
0.5,0.5
0.0,0.0
0.0,0.1
0.0,0.0
0.064,0.625
0.0,0.0
0.0,0.0
0.0,0.0
0.0,0.0
-0.3,0.5
-0.017,0.333
0.0,0.4
0.0,0.0
0.8,0.75
0.05,0.1
0.05,0.692
-0.125,0.125
0.0,0.0
0.0,0.0
0.0,0.0
0.0,0.0
0.0,0.0
0.0,0.0
0.5,0.5
0.125,0.188
0.333,0.367
-0.156,0.289
0.091,0.636
0.2,0.2
-0.063,0.25
0.0,0.0
0.0,0.0
0.5,0.5
-0.063,0.237
-0.5,0.5
-0.325,0.55
0.25,0.333
0.0,0.0
0.0,0.0
0.0,0.1
0.0,0.0
0.042,0.375
0.0,0.0
0.0,0.0
0.0,0.0
0.5,0.5
0.0,0.0
0.487,0.588
-0.154,0.2
0.0,0.0
0.5,0.5
-0.35,0.5
0.0,0.0
0.0,0.0
-0.15,0.4
0.1,0.4
0.5,0.5
-0.6,0.8
0.167,0.5
0.5,0.5
-0.125,0.375
-0.1,0.4
0.0,0.0
0.5,0.5
-0.025,0.325
0.0,0.0
-0.2,0.35
0.9,0.9
0.344,0.422
0.318,0.727
0.0,0.0
0.0,0.0
0.0,0.0
0.0,0.0
0.1,0.3
0.125,0.3
0.2,0.4
0.0,0.0
0.3,0.75
0.0,0.0
0.286,0.536
0.033,0.067
0.0,0.0
0.0,0.0
-0.05,0.4
-0.156,0.289
0.0,0.0
0.0,0.0
0.0,0.563
0.4,0.408
0.0,1.0
0.5,1.0
0.5,0.5
0.233,0.325
0.2,0.383
0.0,0.0
0.025,0.225
-0.5,0.5
-0.25,0.325
0.0,0.0
0.0,0.0
-0.5,0.3
-0.15,0.4
0.0,0.0
-0.143,0.536
-0.175,0.275
0.0,0.0
0.25,0.333
0.5,0.833
0.0,0.0
0.25,0.5
0.6,0.45
0.0,0.0
0.0,0.778
0.056,0.456
0.5,0.5
0.0,0.0
0.25,0.25
0.333,0.542
0.254,0.61
0.0,0.0
0.245,0.521
0.0,0.0
0.25,0.75
0.0,0.0
0.25,0.417
0.0,0.0
-0.091,0.524
0.15,0.3
0.033,0.467
-0.125,0.375
0.063,0.5
0.45,0.5
0.107,0.264
0.25,0.5
0.0,0.0
0.0,0.0
0.0,0.067
0.0,0.0
0.0,0.0
0.0,0.0
0.068,0.227
0.0,0.0
0.0,0.25
0.0,0.0
-0.122,0.27
0.0,0.0
0.0,0.0
0.0,0.0
0.0,0.0
-0.15,0.4
0.0,0.0
-0.5,0.5
0.0,0.0
0.5,0.5
-0.167,0.167
0.0,0.0
0.25,0.563
0.0,0.0
0.3,0.3
0.0,0.0
0.0,1.0
0.5,0.5
0.0,0.0
-0.063,0.313
0.0,0.067
0.0,0.0
-0.063,0.25
-0.06,0.54
0.25,0.5
0.0,0.0
-0.1,0.1
-0.1,0.1
0.417,0.583
0.168,0.502
0.375,0.417
0.136,0.455
0.0,0.0
0.2,0.9
-0.9,0.7
0.2,0.2
-0.063,0.388
0.25,0.283
0.0,0.0
0.0,0.0
0.0,0.0
0.0,0.0
0.0,0.067
-0.35,0.333
0.0,0.0
0.0,0.0
0.0,0.0
0.05,0.5
-0.4,0.6
0.1,0.4
-0.125,0.375
0.0,0.0
0.0,1.0
0.0,0.0
-0.068,0.455
0.0,0.0
0.25,0.75
0.0,0.05
-0.093,0.374
0.5,0.5
-0.167,0.067
0.0,0.133
0.0,0.0
0.0,0.0
-0.012,0.388
0.0,0.0
0.25,0.5
0.05,0.5
0.0,0.0
-0.075,0.2
0.0,0.0
0.208,0.292
-0.333,0.433
-0.188,0.5
0.0,0.0
0.0,0.0
-0.275,0.5
0.1,0.05
0.0,0.0
-0.071,0.214
0.0,0.0
0.0,0.0
0.078,0.222
0.0,0.0
0.25,0.333
0.188,0.438
0.5,0.917
-0.292,0.542
0.0,0.0
0.17,0.443
0.2,0.2
0.0,0.0
0.275,0.5
0.05,0.2
0.136,0.455
0.0,0.0
0.0,0.0
0.0,0.0
-0.05,1.0
0.5,0.5
0.209,0.409
0.068,0.727
0.15,0.273
0.0,0.0
0.25,0.333
0.65,0.625
0.0,0.0
0.0,0.067
-0.15,0.4
0.2,0.2
0.0,0.25
-0.056,0.067
-0.125,0.375
0.1,0.4
0.077,0.371
0.0,0.033
0.2,0.2
-0.05,0.4
0.0,0.0
-0.167,0.067
0.0,0.0
0.42,0.337
0.0,0.0
0.25,0.5
-0.15,0.4
0.0,0.0
0.0,0.0
0.5,1.0
0.0,0.0
-0.6,0.9
0.25,0.429
0.0,0.0
0.0,0.1
0.0,0.0
0.417,0.583
-1.0,1.0
-0.6,0.8
0.0,0.0
0.0,0.0
0.086,0.257
0.025,0.288
-0.167,0.433
0.0,0.0
0.0,0.0
-0.1,0.1
0.17,0.455
0.25,0.5
1.0,0.3
-0.2,0.3
0.0,0.0
-0.075,0.2
0.233,0.317
-0.4,0.6
0.262,0.519
0.375,0.75
0.0,0.0
0.033,0.067
0.0,0.0
0.063,0.5
0.25,0.75
0.0,1.0
0.2,0.2
0.0,0.0
0.0,0.0
0.4,0.875
-0.006,0.248
0.188,0.375
0.25,0.25
0.0,0.167
-0.125,0.375
0.0,0.0
0.0,0.0
0.0,0.5
0.6,0.9
0.0,0.0
-0.3,0.9
0.0,0.0
0.0,0.0
0.05,0.613
0.0,0.0
0.0,0.0
0.4,0.3
0.0,0.0
-0.125,0.375
0.0,0.05
0.25,0.438
0.5,0.5
0.2,0.3
0.188,0.438
-0.325,0.52
-0.45,0.75
0.0,0.0
0.0,0.0
0.0,0.1
-0.182,0.677
0.0,0.0
0.25,0.25
0.25,0.438
0.0,0.0
0.0,0.0
-0.4,0.4
0.08,0.393
0.0,0.0
0.0,0.0
0.2,0.3
-0.5,0.5
0.0,0.0
0.045,0.433
-0.167,0.167
0.367,0.7
-1.0,1.0
0.35,0.5
-0.055,0.286
0.0,0.0
0.025,0.792
-0.6,0.9
0.0,0.0
-0.4,0.55
0.0,0.067
0.0,0.4
0.0,0.0
0.2,0.1
0.2,0.4
0.4,0.8
0.025,0.25
0.031,0.5
0.4,0.8
0.0,0.0
0.0,0.0
-0.107,0.357
0.0,0.0
0.0,1.0
0.0,0.0
0.0,0.0
0.136,0.455
0.0,0.033
-0.167,0.283
0.0,0.0
0.0,0.0
0.0,0.625
-0.125,0.375
-0.05,0.175
0.0,0.0
0.0,0.0
0.6,0.9
0.0,0.0
-0.167,0.5
0.068,0.227
-0.85,0.9
0.0,0.0
0.117,0.083
-0.3,0.3
0.0,0.0
0.406,0.75
0.25,0.5
-0.058,0.467
0.0,0.0
0.0,0.0
0.2,0.1
0.357,0.571
0.0,0.0
-0.057,0.427
-0.24,0.377
0.0,0.5
0.0,0.0
0.375,0.417
0.0,0.5
0.2,0.4
0.133,0.833
-0.071,0.214
0.0,0.1
0.5,0.5
0.0,0.0
0.0,0.0
0.0,0.0
0.0,0.0
0.2,0.2
-0.375,0.667
0.0,0.283
0.1,0.3
0.0,0.0
0.0,0.3
0.225,0.317
-0.3,0.1
0.069,0.385
0.0,0.1
-0.444,0.6
0.0,0.5
-0.3,0.5
0.0,0.0
0.188,0.471
0.0,0.0
0.0,0.0
0.167,0.333
0.0,0.0
-0.05,0.05
0.0,0.0
-0.232,0.727
-0.25,0.15
0.172,0.394
0.136,0.455
0.0,0.1
0.0,0.357
0.188,0.438
-0.125,0.375
0.0,0.0
-0.131,0.226
0.198,0.374
0.8,0.75
0.0,0.0
0.2,0.633
0.0,0.5
0.0,1.0
-0.3,0.2
0.2,0.2
-0.163,0.311
0.0,0.0
0.0,0.0
0.0,0.0
-0.078,0.144
0.267,0.283
0.0,0.0
0.3,0.45
0.0,0.0
0.0,0.0
0.0,0.0
0.0,0.0
0.0,1.0
0.0,0.033
0.0,0.0
0.0,0.75
0.0,0.0
0.0,0.0
0.136,0.455
0.0,0.067
0.003,0.51
0.0,0.0
0.0,0.1
-0.075,0.85
0.0,0.0
0.0,0.0
0.55,0.75
0.1,0.1
0.018,0.227
0.6,1.0
-0.082,0.45
0.0,0.25
0.125,0.167
-0.167,0.167
0.0,0.0
0.264,0.607
0.2,0.2
-0.056,0.056
0.375,0.875
0.15,0.875
0.167,0.5
0.125,0.412
0.0,0.0
0.0,0.0
0.0,0.0
0.0,0.0
0.0,0.5
0.0,0.0
-0.167,0.167
0.0,0.0
0.433,0.733
0.0,0.0
-0.125,0.25
-0.5,0.5
-0.083,0.717
0.25,0.5
0.0,0.0
0.3,0.375
0.0,0.0
0.0,0.0
-0.125,0.125
0.0,0.0
0.0,0.0
-0.05,0.4
0.25,0.333
0.125,0.375
0.0,0.0
0.0,0.0
0.125,0.188
-0.15,0.55
0.0,0.5
0.05,0.7
0.0,0.0
0.0,0.0
0.0,0.0
0.175,0.45
0.1,0.4
0.0,0.0
0.174,0.363
0.4,0.4
0.0,0.0
0.0,0.5
0.233,0.322
0.0,0.067
-0.1,0.1
0.0,0.0
0.0,0.0
0.0,0.125
-0.45,0.7
0.136,0.455
-0.5,0.5
0.0,0.0
0.0,0.0
0.0,0.0
0.0,0.0
0.25,0.3
-0.025,0.3
0.136,0.455
0.083,0.292
0.5,0.5
0.375,0.5
0.0,0.0
0.0,0.0
0.5,0.5
0.0,0.0
0.136,0.455
-0.167,0.067
0.133,0.5
0.0,0.0
0.0,0.0
0.0,0.467
0.0,0.0
0.2,0.2
-0.125,0.1
0.525,0.975
-0.313,0.688
0.0,0.4
-0.067,0.8
-0.25,0.283
0.0,0.0
-0.056,0.078
-0.1,0.131
0.125,0.375
0.0,0.05
0.0,0.033
0.0,0.0
0.5,0.5
0.0,0.5
0.0,0.0
-0.5,0.5
0.136,0.455
0.3,0.45
0.0,0.0
0.0,0.063
-0.2,0.3
0.0,0.0
-0.21,0.485
0.0,0.0
0.0,0.139
0.136,0.455
0.095,0.44
-0.046,0.221
0.0,1.0
0.135,0.295
0.0,0.0
0.2,0.3
0.0,0.0
0.042,0.186
0.0,0.0
-0.068,0.455
0.4,0.4
0.259,0.366
0.0,0.1
-0.063,0.487
0.0,0.0
0.0,0.0
-0.503,0.75
0.0,0.0
0.0,0.067
0.0,0.1
0.0,0.0
0.0,0.0
0.0,0.0
0.086,0.386
0.8,0.75
0.0,0.0
-0.095,0.29
-0.313,0.688
0.0,0.0
-0.083,0.25
0.5,0.5
0.0,0.0
-0.125,0.375
0.25,0.25
-0.6,0.9
0.0,0.0
0.0,0.0
0.0,0.0
0.0,0.0
0.0,0.0
0.0,0.067
0.0,0.0
0.0,0.0
-0.267,0.633
0.15,0.175
0.0,0.0
0.0,0.0
0.0,0.0
0.0,0.0
-0.244,0.338
0.043,0.316
0.2,0.2
0.0,0.0
0.05,0.5
0.0,0.0
-0.237,0.338
-0.167,0.433
0.212,0.652
0.0,0.0
0.0,0.0
0.25,0.2
-0.5,0.5
0.0,0.0
-0.26,0.13
0.0,1.0
0.0,0.0
0.0,0.0
0.286,0.536
0.4,0.9
0.0,0.0
0.0,0.0
0.0,0.0
0.233,0.567
0.0,0.0
0.063,0.5
0.0,0.25
-0.052,0.096
0.0,0.0
0.0,0.5
0.0,0.272
0.0,0.125
0.0,0.402
0.0,0.0
-0.475,0.525
0.568,0.4
0.0,0.0
0.2,0.7
0.975,1.0
0.063,0.5
0.057,0.363
0.0,0.0
0.0,0.0
0.05,0.5
-0.5,0.5
0.0,0.0
0.0,0.067
0.0,0.5
0.5,0.5
0.5,0.5
0.0,0.0
0.233,0.4
0.0,0.0
0.0,0.0
0.25,0.333
0.025,0.367
0.0,0.0
0.0,0.0
0.117,0.083
0.125,0.2
0.0,0.0
-0.039,0.303
0.0,0.0
-0.15,0.4
0.0,0.0
0.0,0.0
0.0,0.0
0.0,0.0
0.167,0.3
0.05,0.25
0.0,0.0
0.0,0.183
0.067,0.333
0.222,0.556
0.0,0.0
0.112,0.452
0.1,0.4
0.0,0.1
0.5,0.5
0.267,0.4
0.0,0.0
0.188,0.75
0.429,0.612
0.5,0.5
0.0,0.357
0.017,0.183
0.043,0.608
-0.083,0.667
0.167,0.189
0.1,0.4
0.0,0.813
0.0,0.0
0.1,0.4
0.133,0.5
0.125,0.406
0.0,0.0
0.04,0.415
0.05,0.233
0.2,0.2
0.033,0.067
0.0,0.0
0.0,0.0
0.0,0.125
0.033,0.067
0.05,0.367
0.183,0.442
0.0,0.1
0.0,0.0
0.563,0.912
0.2,0.2
0.0,0.0
0.25,0.5
0.0,0.0
0.0,0.05
0.3,0.45
0.0,0.0
0.0,0.0
0.15,0.25
0.0,0.0
0.0,0.55
0.35,0.633
-0.016,0.475
0.563,0.953
0.0,0.0
0.17,0.565
0.145,0.352
0.6,1.0
0.0,0.0
0.0,0.0
0.0,0.0
0.0,0.0
0.106,0.348
0.2,0.3
0.095,0.179
0.0,0.0
0.0,0.0
0.136,0.455
0.1,0.4
0.0,0.0
0.5,0.5
0.068,0.277
0.0,0.0
-0.088,0.636
0.0,0.0
0.1,0.3
0.15,0.178
0.5,0.5
0.042,0.208
0.0,0.0
0.0,0.0
-0.1,0.786
0.225,0.75
0.0,1.0
0.0,0.0
0.0,0.0
0.3,0.75
0.0,0.5
0.0,0.0
0.0,0.0
-0.333,0.667
0.136,0.455
0.5,0.5
0.325,0.525
0.25,0.25
0.1,0.475
0.0,0.0
-0.5,1.0
0.268,0.577
0.0,0.4
0.0,0.5
0.0,0.0
0.188,0.438
0.292,0.333
-0.15,0.35
0.1,0.4
-0.075,0.425
0.0,0.067
0.172,0.75
0.0,0.042
0.145,0.285
0.25,0.25
0.5,0.5
0.438,0.887
0.0,0.0
0.325,0.433
0.136,0.272
0.2,0.2
0.0,0.0
0.0,0.0
0.0,0.0
0.0,0.0
-0.05,0.4
0.0,0.0
0.0,0.0
-0.036,0.14
0.125,0.217
0.133,0.256
0.0,0.0
0.25,0.486
0.0,0.0
0.167,0.708
0.0,0.0
-0.25,0.558
-0.083,0.483
-0.5,0.9
0.0,0.0
0.0,0.0
0.25,0.346
0.16,0.54
0.5,0.5
0.093,0.372
0.0,0.0
0.0,0.0
-0.123,0.387
0.178,0.467
0.0,0.0
0.0,0.0
-0.156,0.49
0.333,0.417
0.151,0.669
-0.5,0.5
0.357,0.571
0.033,0.067
0.0,0.0
0.25,0.438
-0.3,0.1
0.0,0.0
0.0,0.3
-0.033,0.283
0.0,0.0
0.0,0.0
-0.333,0.667
0.0,0.0
0.0,0.0
0.16,0.54
0.0,0.0
-0.125,0.375
0.0,0.0
0.0,0.0
0.0,0.0
0.0,0.0
-0.175,0.358
0.0,0.0
0.283,0.45
0.0,0.0
-0.104,0.375
0.0,0.357
0.0,0.0
0.0,0.0
0.167,0.3
0.0,0.0
-0.617,0.8
0.136,0.455
0.0,0.1
-0.167,0.167
-0.025,0.35
0.0,0.0
0.0,0.0
0.0,0.0
0.0,0.0
0.043,0.371
0.0,0.28
0.0,0.0
0.0,0.0
0.0,0.0
0.0,0.0
0.109,0.354
0.0,0.0
-0.05,0.4
0.111,0.456
-0.05,0.35
0.0,0.0
-0.1,0.1
-0.125,0.125
0.217,0.367
0.0,0.0
0.196,0.217
0.0,0.143
0.045,0.385
-0.253,0.387
0.05,0.55
0.233,0.35
-0.075,0.25
0.0,0.0
0.136,0.455
0.367,0.7
0.0,0.0
0.0,0.0
0.5,0.5
0.0,0.0
0.0,0.0
0.0,0.0
0.0,0.0
0.0,0.0
0.0,0.5
0.0,0.067
0.213,0.493
-0.5,0.5
-0.012,0.388
0.0,0.0
-0.1,0.4
0.0,0.0
0.375,0.875
0.0,0.067
0.0,0.0
0.0,0.0
0.115,0.363
-0.156,0.394
0.1,1.0
0.0,1.0
0.0,0.0
0.7,0.9
0.0,0.0
0.0,0.0
0.178,0.289
0.333,0.667
0.0,0.0
0.6,1.0
0.0,0.067
0.3,0.45
0.0,0.0
0.25,0.563
0.1,0.2
0.0,0.0
0.25,0.5
0.0,0.0
0.0,0.0
0.0,0.5
0.0,0.0
0.25,0.25
0.55,0.7
0.0,0.0
0.0,0.1
0.0,0.0
-0.098,0.115
0.0,0.0
0.0,0.0
0.0,0.0
-0.078,0.644
-0.05,0.4
0.5,0.5
0.0,0.0
0.022,0.178
0.0,0.188
0.0,0.0
0.032,0.095
0.0,0.0
0.0,0.1
0.0,0.0
0.0,0.0
-0.153,0.344
0.0,0.0
0.0,0.0
-0.067,0.204
0.5,0.5
0.0,0.0
-0.008,0.425
-0.1,0.283
-0.071,0.214
0.05,0.1
0.0,0.0
-0.5,0.5
0.0,0.0
0.0,0.0
0.0,0.167
0.0,0.0
-0.052,0.583
0.0,0.1
0.35,0.444
0.0,0.0
0.0,0.0
-0.4,0.6
0.05,0.2
0.0,0.067
0.0,0.0
-0.1,0.1
0.9,0.875
-0.063,0.229
0.0,0.067
0.0,0.0
0.0,0.0
0.0,0.0
0.0,0.0
0.167,0.5
0.0,0.0
0.078,0.322
0.0,0.0
0.068,0.352
0.0,0.0
0.065,0.325
0.6,1.0
0.3,0.45
0.0,0.0
-0.25,0.5
-0.125,0.125
0.0,0.0
0.0,0.0
0.0,0.0
0.0,0.5
0.0,0.0
0.0,0.0
0.0,0.0
0.0,0.0
0.0,0.0
0.0,0.0
0.25,0.25
0.5,0.5
0.0,0.0
-0.093,0.586
0.357,0.571
0.067,0.083
-0.5,0.5
0.0,0.0
0.0,0.067
0.0,0.7
0.279,0.743
0.0,1.0
0.5,0.5
0.0,0.0
-0.063,0.188
-0.1,0.1
0.057,0.223
0.0,0.067
0.2,0.3
0.0,0.0
-0.5,1.0
0.0,0.0
0.0,0.0
0.1,0.775
0.25,0.25
-0.167,0.067
0.0,0.0
0.0,0.1
0.0,0.0
0.0,0.0
0.101,0.505
0.354,0.38
0.5,0.5
-0.007,0.307
0.0,0.0
0.111,0.256
-0.1,0.1
-0.2,0.4
-0.167,0.167
0.5,0.5
0.2,0.1
0.0,0.0
0.25,0.375
0.0,0.0
-0.022,0.578
0.136,0.455
0.0,0.0
0.0,0.0
0.0,0.067
0.0,0.0
0.25,0.25
0.0,0.2
0.167,0.5
0.0,0.0
0.167,0.333
0.0,0.0
-0.3,0.5
-0.125,0.375
0.142,0.283
0.0,0.0
0.0,0.0
0.0,0.0
0.0,0.0
0.083,0.256
-0.6,0.9
0.045,0.31
0.0,0.0
0.3,0.5
0.5,0.5
0.0,0.0
0.175,0.75
0.0,0.0
0.0,0.0
0.136,0.455
-0.233,0.3
0.0,0.158
0.3,0.5
0.0,0.0
-0.001,0.166
-0.15,0.3
0.5,0.5
0.0,0.0
0.0,0.0
0.0,0.0
0.013,0.188
0.5,0.5
0.212,0.485
0.2,0.3
0.0,0.067
-0.133,0.267
0.0,0.0
0.0,0.067
0.0,0.0
0.167,0.494
0.0,0.0
-0.132,0.502
-0.4,0.75
0.0,0.0
0.284,0.489
0.125,0.75
0.2,0.3
-0.125,0.375
-0.126,0.585
0.25,0.5
0.0,0.0
-0.125,1.0
-0.075,0.05
0.0,0.033
-0.4,0.7
0.0,0.0
-0.125,1.0
0.5,0.5
0.0,0.0
-0.025,0.45
0.325,0.375
0.117,0.083
0.2,0.1
0.0,0.25
0.0,0.0
0.133,0.433
-0.019,0.252
0.0,0.0
0.0,0.25
0.0,0.0
0.129,0.388
0.351,0.56
0.5,0.5
0.0,0.0
0.25,0.375
0.033,0.067
0.168,0.35
0.0,0.0
0.5,0.5
0.0,1.0
0.0,0.0
0.5,0.5
0.25,0.5
-0.3,0.4
0.175,0.45
0.0,0.0
0.0,0.0
0.217,0.554
-0.083,0.117
0.194,0.333
0.0,0.0
0.0,0.0
0.0,0.0
0.212,0.318
0.0,0.0
-0.2,0.325
-0.4,0.6
0.2,0.35
0.0,0.0
-0.1,0.392
0.0,0.0
-0.05,0.375
0.034,0.17
0.136,0.455
0.0,0.0
0.0,0.0
0.2,0.2
0.179,0.402
0.067,0.933
0.35,0.3
0.333,0.417
0.0,0.067
-0.125,0.375
0.133,0.367
0.0,0.0
0.05,0.5
0.0,0.0
0.0,0.0
0.092,0.4
0.4,0.9
-0.05,0.133
-0.15,0.25
0.167,0.625
0.225,0.325
0.0,0.067
-0.071,0.75
0.0,0.0
0.0,0.0
0.136,0.5
0.136,0.455
-0.156,0.289
0.35,0.35
0.258,0.636
0.0,0.067
0.059,0.452
0.214,0.429
0.0,0.0
0.0,0.0
0.1,0.4
0.118,0.427
0.0,0.05
0.5,0.5
0.0,0.0
0.068,0.277
-0.156,0.289
-0.5,0.5
0.0,0.4
0.0,0.0
0.0,0.0
0.0,0.0
0.0,0.0
0.0,0.0
0.0,0.0
0.0,0.0
0.0,0.1
0.0,0.0
0.0,0.0
-0.206,0.405
-0.1,0.1
-0.2,0.4
0.136,0.455
0.0,0.0
-0.033,0.517
0.5,0.5
0.0,0.1
0.6,1.0
0.05,0.285
0.0,0.125
-0.283,0.55
0.0,0.0
0.5,0.5
0.068,0.227
-0.2,0.4
0.0,0.375
0.0,0.0
0.0,0.0
0.0,0.39
0.278,0.389
0.0,0.0
0.018,0.107
0.0,0.0
0.0,0.05
0.136,0.455
0.0,0.0
0.0,0.1
0.025,0.075
0.0,0.0
0.0,0.5
0.0,0.0
0.136,0.455
0.633,0.896
0.0,0.0
0.0,0.35
0.0,0.0
0.0,0.369
0.193,0.602
0.075,0.331
0.033,0.567
0.0,0.0
0.107,0.348
0.2,0.55
0.25,0.533
0.0,0.0
0.0,0.0
0.25,0.333
0.188,0.438
0.0,0.05
0.167,0.333
0.0,0.0
0.068,0.261
0.0,0.0
0.0,0.0
-0.1,0.6
0.0,0.0
0.0,0.0
0.0,0.0
-0.4,0.6
0.25,0.429
0.6,1.0
0.0,0.0
0.0,0.0
0.0,0.0
0.0,0.0
0.0,0.0
0.5,0.188
-0.042,0.481
0.268,0.357
0.5,0.5
0.6,1.0
0.133,0.133
-0.4,0.533
0.0,0.5
0.0,0.375
0.1,0.4
0.0,0.0
0.1,0.383
0.5,0.5
0.0,0.0
0.0,0.0
-0.022,0.456
-0.083,0.717
0.5,0.5
0.0,0.0
-0.012,0.388
0.0,0.0
0.35,0.55
0.0,0.0
-0.2,0.4
0.0,0.0
-0.083,0.262
0.0,0.0
-0.1,0.367
0.5,0.5
0.0,0.0
0.0,0.0
-0.4,0.6
-1.0,1.0
0.5,1.0
1.0,0.3
0.117,0.244
0.0,0.0
0.0,0.0
0.0,0.0
0.0,0.0
0.178,0.461
0.0,0.063
-0.025,0.3
0.2,0.1
0.3,0.4
-0.4,0.5
0.0,0.0
0.038,0.287
-0.313,0.688
0.0,0.0
0.5,0.5
0.05,0.5
0.175,0.367
0.091,0.303
0.0,0.0
-0.5,0.3
-0.125,0.125
-0.167,0.167
0.0,1.0
-0.15,0.4
0.0,0.1
0.0,0.0
-0.083,0.583
0.0,0.0
0.1,0.133
-0.125,0.325
0.0,0.0
0.136,0.357
0.05,0.1
0.1,0.083
0.15,0.1
-0.068,0.5
0.417,0.5
0.3,0.5
0.25,0.675
0.25,0.45
0.133,0.315
0.0,0.0
-0.317,0.3
0.0,0.512
-0.5,0.5
0.0,0.0
-0.5,0.5
0.0,0.25
0.2,0.2
0.25,0.3
0.0,0.0
0.5,0.5
0.0,1.0
0.0,0.0
-0.075,0.2
-0.133,0.267
-0.158,0.233
0.5,0.5
0.0,0.0
0.0,0.0
0.0,0.0
0.3,0.65
0.0,0.0
0.117,0.261
0.6,1.0
0.034,0.514
0.5,0.5
-0.4,0.6
0.318,0.477
0.1,0.417
0.0,0.0
0.011,0.689
-0.3,0.45
-0.5,0.5
0.1,0.1
0.0,0.0
0.325,0.575
0.5,0.65
0.0,0.0
0.344,0.438
0.0,0.0
0.75,0.75
0.0,0.0
0.22,0.6
0.7,0.9
0.0,0.237
-0.4,0.55
0.192,0.358
0.5,0.5
0.0,0.0
0.029,0.467
0.0,0.0
0.0,0.4
0.0,1.0
0.1,0.2
0.0,0.0
0.8,0.75
0.0,0.0
-0.25,0.4
0.0,0.5
0.13,0.498
0.0,0.5
-0.5,0.5
0.168,0.327
0.0,0.0
0.125,0.338
0.322,0.578
0.5,0.5
-0.071,0.214
0.5,0.5
0.0,0.0
0.0,0.0
-0.02,0.42
0.25,0.75
-0.25,0.283
0.0,0.0
0.0,0.0
0.1,0.5
0.0,0.0
0.167,0.467
-0.125,0.375
0.0,0.0
-0.3,0.4
0.325,0.417
0.0,1.0
0.0,0.0
0.15,0.25
-0.083,0.45
0.5,0.5
0.229,0.486
0.0,0.0
0.4,0.5
0.0,0.1
0.0,0.0
0.05,0.35
0.0,0.0
0.0,0.0
-0.2,0.325
0.0,0.0
0.0,0.0
-0.086,0.307
0.2,0.3
0.0,0.067
-0.5,0.5
-0.2,0.8
0.0,0.0
0.0,0.0
0.0,0.0
0.0,0.0
0.0,0.0
-0.075,0.2
0.5,0.563
0.417,0.444
0.0,0.0
0.5,0.5
0.0,0.0
0.283,0.567
0.05,0.55
0.0,0.033
0.0,0.0
0.4,0.667
0.0,0.0
0.4,0.8
0.5,0.917
0.188,0.438
0.0,0.0
0.243,0.538
0.0,0.0
0.0,1.0
0.068,0.261
0.0,0.0
0.0,0.0
-0.25,0.4
0.0,0.0
-0.163,0.352
0.136,0.455
0.033,0.067
-0.063,0.063
-0.033,0.567
-0.156,0.289
0.017,0.096
0.286,0.536
0.136,0.455
-0.125,0.375
0.028,0.444
0.5,0.5
0.0,0.0
0.0,0.0
0.2,0.55
0.2,0.3
0.0,0.0
0.5,0.5
0.0,0.0
0.0,0.0
0.0,0.0
0.3,0.45
0.0,0.0
0.0,0.0
0.2,0.4
0.188,0.438
-0.5,0.9
-1.0,1.0
-0.25,0.625
0.0,0.0
0.25,0.333
0.0,0.0
0.0,0.0
0.0,0.0
0.0,0.4
0.0,1.0
-0.067,0.367
-0.1,0.4
-0.071,0.214
0.357,0.536
-0.056,0.128
0.25,0.25
0.0,0.208
-0.25,0.483
-0.156,0.289
-0.078,0.144
0.0,0.0
0.0,0.0
0.25,0.333
0.0,0.0
0.0,0.0
0.25,0.313
0.25,0.5
0.0,0.0
-0.25,0.25
0.022,0.556
0.0,0.0
-0.122,0.331
0.0,0.0
0.0,0.0
-0.171,0.542
0.0,0.0
0.5,0.5
0.0,0.0
-0.2,0.4
0.1,0.4
0.5,0.5
0.061,0.467
0.0,0.0
0.211,0.456
-0.125,0.125
-0.167,0.167
0.0,0.0
0.167,0.467
0.0,0.0
0.0,0.0
0.0,0.0
0.0,0.0
0.0,0.0
0.0,0.0
0.0,0.0
-0.289,0.347
0.0,0.346
0.145,0.318
0.075,0.3
0.025,0.725
-0.167,0.167
0.0,0.0
0.118,0.277
0.2,0.1
0.069,0.319
0.5,0.5
0.125,0.167
-0.185,0.33
0.0,0.0
0.0,0.0
-0.156,0.289
-0.221,0.552
0.0,0.0
0.4,1.0
0.4,0.6
0.286,0.536
0.0,0.0
0.1,0.172
0.0,0.0
-0.05,0.362
0.0,0.0
0.136,0.455
0.2,0.55
-0.077,0.269
0.033,0.067
0.0,0.0
0.0,1.0
0.2,0.4
0.0,0.0
-0.156,0.289
0.25,0.5
-0.189,0.256
-1.0,1.0
0.0,0.0
0.136,0.455
0.125,0.75
0.0,0.0
-0.3,0.4
0.55,0.55
0.8,0.4
0.0,0.0
0.0,1.0
0.7,0.2
0.083,0.189
1.0,1.0
-0.167,0.167
0.367,0.7
0.0,0.0
0.1,0.1
0.0,0.0
-0.1,0.3
0.0,0.0
-0.25,0.5
0.05,0.533
0.25,0.417
-0.221,0.736
0.0,0.0
0.5,0.5
0.0,0.0
0.0,0.5
0.033,0.067
0.0,0.0
0.0,0.0
0.0,0.0
0.25,0.438
-0.134,0.279
0.25,0.25
0.0,0.0
0.0,0.0
-0.037,0.438
0.0,0.067
0.0,0.0
0.0,0.0
0.136,0.455
-0.4,0.6
0.0,0.067
0.5,0.5
0.0,0.0
0.0,0.0
-0.142,0.592
0.0,0.0
0.0,0.0
0.0,0.0
0.318,0.477
0.0,0.0
0.0,0.0
0.192,0.392
-0.014,0.147
0.0,0.0
-0.357,0.616
0.0,0.067
0.075,0.308
0.211,0.474
0.0,0.0
0.0,0.0
0.0,0.0
0.0,0.0
0.083,0.125
0.0,0.0
0.5,0.5
0.23,0.605
0.2,0.2
0.5,0.5
0.0,0.0
0.0,0.0
0.16,0.54
0.0,0.5
0.0,0.0
0.0,0.0
0.6,1.0
0.26,0.26
-0.03,0.16
0.0,0.0
0.375,0.375
0.0,0.0
0.0,0.375
-0.292,0.542
0.143,0.301
0.5,0.5
0.6,1.0
0.0,0.0
0.35,0.4
0.5,0.5
0.25,0.278
-0.5,0.5
-0.1,0.0
0.0,0.0
0.0,0.0
-0.1,0.267
0.0,0.0
0.136,0.455
0.0,0.1
-0.158,0.283
-0.4,0.7
-0.175,0.417
0.25,0.25
0.16,0.54
0.25,0.375
-0.167,0.167
0.025,0.25
0.0,0.0
0.0,0.067
-0.5,0.3
0.167,0.8
0.0,0.0
0.0,0.067
0.0,0.0
0.014,0.522
0.0,0.0
0.1,1.0
-0.15,0.4
0.0,0.0
0.2,0.1
0.071,0.759
0.327,0.581
0.2,0.4
0.5,0.5
0.5,0.833
-0.013,0.0
0.0,0.0
0.35,0.55
-1.0,1.0
0.0,0.0
0.025,0.35
-0.25,1.0
0.188,0.438
-0.5,0.5
0.0,0.096
0.3,0.5
0.0,0.0
0.0,0.067
0.0,0.0
-0.042,0.308
0.075,0.36
0.133,0.222
0.0,0.0
0.0,0.533
0.0,0.0
-0.156,0.289
0.0,0.0
0.038,0.287
0.0,0.0
0.0,0.0
-0.1,0.1
-0.078,0.178
-0.057,0.355
0.214,0.643
-0.058,0.286
0.05,0.5
0.1,0.533
-0.05,0.55
0.0,0.1
-0.013,0.212
0.223,0.538
0.0,0.0
0.0,0.0
0.286,0.536
0.2,0.2
0.0,0.0
0.0,0.05
0.0,0.0
0.0,0.5
0.0,0.0
0.5,0.5
0.5,0.5
0.0,0.033
-0.8,1.0
0.3,0.563
0.0,0.1
0.0,0.0
0.25,0.5
0.0,0.5
0.0,0.0
0.4,1.0
0.0,0.0
0.033,0.067
0.1,0.2
0.0,0.0
0.286,0.536
0.0,0.0
0.0,0.0
-0.087,0.325
0.0,0.0
0.0,0.0
0.167,0.333
0.0,0.096
0.25,0.275
-0.367,0.5
0.514,0.723
0.0,0.0
0.0,0.0
0.0,0.0
0.0,0.0
0.0,0.0
0.0,0.0
0.3,1.0
0.0,0.0
0.0,0.0
0.0,0.0
-0.2,0.2
0.4,0.767
0.288,0.6
0.0,0.0
0.136,0.455
0.2,0.55
0.0,0.0
0.038,0.287
-0.1,0.779
-0.097,0.097
0.0,0.0
0.167,0.283
0.0,0.0
-0.219,0.75
0.033,0.217
0.25,0.333
0.0,0.0
0.0,0.0
-0.4,0.4
0.0,0.0
0.0,0.0
-0.125,0.4
0.25,0.333
0.0,0.1
0.273,0.66
0.393,0.518
-0.25,0.4
0.2,0.3
0.0,0.067
0.0,0.15
0.0,0.0
0.0,0.0
-0.8,0.9
0.15,0.533
0.0,0.0
-0.1,0.1
0.2,0.45
0.221,0.833
0.0,0.0
-0.167,0.433
-0.1,0.1
0.0,0.0
0.0,0.0
-0.078,0.269
0.0,0.0
0.15,0.95
0.134,0.364
0.0,0.0
0.0,0.0
-0.05,0.2
0.25,0.25
0.0,0.0
-0.2,0.308
0.0,0.0
0.0,0.0
-0.15,0.35
0.219,0.444
0.0,0.0
-0.7,0.667
0.0,0.208
0.028,0.175
0.0,0.0
0.136,0.455
0.2,0.1
0.064,0.413
0.0,0.0
0.0,0.0
0.0,0.0
0.0,0.6
0.0,0.0
-0.15,0.4
0.35,0.55
0.188,0.438
0.25,0.2
0.0,0.0
0.0,0.0
0.115,0.405
0.0,0.0
0.017,0.033
0.0,0.5
0.0,1.0
0.0,0.0
0.5,0.667
0.0,0.0
-0.15,0.225
0.083,0.211
-0.233,0.283
0.0,0.152
0.0,0.0
0.0,0.375
-1.0,1.0
0.0,0.0
0.0,0.0
0.05,0.2
-0.025,0.275
0.0,0.5
0.0,0.5
0.0,0.333
0.205,0.77
-0.15,0.4
-0.125,0.375
0.5,1.0
0.0,0.067
0.0,0.0
0.25,0.4
0.25,0.563
0.0,0.0
0.0,0.0
0.1,0.4
0.0,0.0
0.0,0.0
0.0,0.75
0.275,0.575
0.0,0.0
-0.043,0.314
0.0,0.625
0.143,0.318
0.2,0.65
0.0,0.0
0.0,0.5
0.0,0.067
0.0,1.0
0.0,0.0
0.2,0.3
0.117,0.328
0.0,0.1
0.493,0.568
0.0,0.0
0.075,0.7
0.079,0.41
0.0,0.0
-0.146,0.771
0.0,0.0
0.0,0.0
0.0,0.0
0.0,0.0
0.08,0.395
0.068,0.727
0.0,0.0
0.0,0.067
0.175,0.45
-0.156,0.289
0.0,0.1
-0.071,0.214
0.0,0.0
0.4,0.5
0.0,0.0
0.5,0.5
0.0,0.0
0.131,0.287
0.175,0.45
0.0,0.0
-0.075,0.292
0.0,0.0
-0.133,0.6
0.012,0.225
0.25,0.375
-0.036,0.196
0.15,0.083
0.0,0.0
0.368,0.627
-0.2,0.4
0.136,0.455
0.107,0.786
0.175,0.338
0.0,0.1
0.0,0.0
0.5,0.5
0.2,0.6
0.35,0.35
0.091,0.452
0.0,0.0
0.063,0.319
0.0,0.0
0.0,0.0
-0.5,0.3
0.0,0.0
0.0,0.0
-0.25,0.75
0.0,0.25
0.0,0.0
0.214,0.429
0.7,0.9
0.0,0.5
0.0,0.033
-0.375,0.667
0.0,0.0
0.124,0.39
0.0,0.0
0.25,0.333
0.067,0.467
0.0,0.0
0.0,0.0
0.068,0.275
0.333,1.0
0.053,0.153
0.0,0.0
0.1,0.4
-0.35,0.55
0.488,0.975
0.0,0.0
0.0,0.0
0.089,0.381
0.0,0.0
0.138,0.588
0.6,1.0
0.0,0.0
0.0,0.0
0.083,0.528
0.083,0.144
-0.1,0.4
-0.2,0.1
0.136,0.455
-0.313,0.688
0.0,0.0
0.0,0.0
0.0,0.0
0.0,0.0
0.0,0.0
-0.313,0.625
-0.067,0.067
0.0,0.0
-0.125,0.375
0.075,0.419
0.094,0.356
0.5,0.7
0.05,0.388
0.0,0.0
0.05,0.1
0.0,0.0
0.0,0.0
-0.15,0.4
-0.2,0.425
0.4,0.425
-0.2,0.222
0.5,1.0
0.176,0.331
0.0,0.0
-0.14,0.377
0.0,0.0
0.167,0.2
0.333,0.611
0.0,0.375
0.25,0.333
0.0,0.0
0.0,0.0
0.0,0.5
0.5,0.5
0.4,0.7
0.0,0.25
0.0,0.0
-0.133,0.0
0.0,0.067
-0.175,0.6
0.136,0.5
-0.35,0.65
0.35,0.35
0.35,0.35
0.233,0.417
0.325,0.433
0.208,0.292
0.0,0.0
0.033,0.417
0.267,0.633
0.033,0.067
0.15,0.3
0.0,0.0
0.0,0.0
0.0,0.0
0.0,0.067
0.292,0.458
0.0,0.0
0.0,0.0
0.0,0.067
0.2,0.4
0.0,0.0
0.0,0.0
0.0,0.0
0.0,0.0
0.318,0.5
-0.5,0.3
0.0,0.0
-0.4,0.55
0.0,0.0
0.4,1.0
-0.004,0.357
0.0,0.0
0.318,0.477
0.125,0.667
0.0,0.0
0.0,0.0
0.775,0.85
0.0,0.0
0.0,0.3
0.0,0.0
-0.333,0.367
0.0,0.0
0.0,0.4
-0.133,0.556
0.032,0.438
0.5,0.5
0.0,0.0
0.0,0.0
0.25,0.438
0.0,0.0
0.0,0.0
0.017,0.033
-0.167,0.067
-0.25,0.25
0.2,0.2
0.25,0.375
0.05,0.183
0.0,0.0
0.136,0.455
0.458,0.792
0.0,0.0
-0.313,0.688
0.0,0.0
0.25,0.5
0.0,0.1
-0.1,0.525
0.0,0.0
0.0,0.0
0.0,0.0
-0.1,0.1
0.0,0.0
-0.8,0.9
0.25,0.25
0.2,0.3
0.0,0.0
-0.1,0.3
0.0,1.0
0.0,0.0
0.0,1.0
0.0,0.0
0.0,0.0
-0.189,0.563
0.25,0.25
-0.15,0.3
0.0,0.0
0.0,0.0
0.25,0.5
0.0,0.0
0.0,0.0
-0.167,0.167
-0.057,0.352
0.0,0.0
0.2,0.4
0.0,0.0
0.0,0.0
-0.231,0.462
0.022,0.333
-0.075,0.2
0.5,0.5
0.1,0.4
0.25,0.3
0.425,0.525
0.05,0.2
0.0,1.0
0.5,0.5
0.417,0.483
0.0,0.0
0.0,0.0
-0.4,0.4
0.0,0.1
0.0,0.0
-0.6,0.9
0.125,0.292
-0.25,0.25
0.0,0.0
0.0,0.125
0.0,0.233
0.0,0.0
-0.1,0.167
0.0,0.813
-0.45,0.7
-0.1,0.1
-0.078,0.519
0.0,0.0
0.0,0.0
0.0,0.0
-0.25,0.75
0.0,0.0
-0.056,0.056
0.0,0.0
0.069,0.469
0.55,0.7
0.333,0.667
0.045,0.618
0.25,0.333
-0.267,0.55
1.0,0.3
0.212,0.442
0.5,0.5
0.5,0.5
-0.119,0.19
0.0,0.0
0.188,0.438
0.25,0.283
0.0,0.0
0.183,0.378
0.5,0.5
0.0,0.0
0.0,0.0
0.0,0.0
-0.3,0.2
0.125,0.167
0.0,0.6
0.0,0.0
0.031,0.25
0.0,0.0
-1.0,1.0
0.0,0.0
0.127,0.313
0.25,0.3
0.0,0.067
0.5,0.5
0.1,0.4
0.0,0.0
0.067,0.233
0.338,0.458
0.087,0.387
0.0,0.4
0.5,0.625
0.0,0.0
-0.037,0.375
-0.15,0.4
0.0,0.0
0.0,0.033
0.5,0.5
0.256,0.532
0.3,0.45
0.5,0.5
0.0,0.0
0.0,0.0
0.0,0.0
0.292,0.458
0.0,0.0
0.0,0.0
0.0,0.0
0.0,0.0
-0.5,0.5
0.0,0.0
0.0,0.0
0.0,0.067
-0.15,0.317
0.0,0.0
0.0,0.0
-0.071,0.214
0.0,0.0
0.0,0.0
0.2,0.1
0.0,0.55
-0.125,0.233
0.188,0.75
0.117,0.467
0.0,0.0
0.417,0.583
0.0,0.0
0.05,0.343
0.022,0.711
-0.7,0.667
0.0,0.0
0.0,0.0
0.2,0.2
-0.19,0.505
0.3,0.95
0.136,0.455
0.0,0.0
0.089,0.426
0.0,0.0
0.375,0.975
0.0,0.0
0.0,0.0
0.068,0.261
0.031,0.352
0.367,0.7
0.0,0.0
0.343,0.618
0.05,0.7
-0.25,0.25
0.036,0.222
0.0,0.75
0.5,0.5
-0.125,0.158
0.286,0.536
0.136,0.455
0.0,0.0
0.1,0.5
-1.0,1.0
0.0,0.0
0.063,0.2
0.257,0.307
0.0,0.0
0.011,0.289
0.0,1.0
0.0,0.0
0.5,0.5
0.0,0.067
-0.25,0.5
0.0,1.0
0.0,0.0
0.1,0.3
0.0,0.0
0.4,0.633
-0.167,0.167
0.6,0.55
0.0,0.0
0.1,0.287
-1.0,1.0
0.0,0.0
0.5,0.5
-0.09,0.41
0.0,0.0
0.144,0.525
0.0,0.0
0.0,0.0
0.0,0.0
0.0,0.0
0.0,0.0
0.0,0.0
-0.15,0.4
0.167,0.397
0.0,0.0
0.096,0.317
0.0,0.0
-0.26,0.13
-0.063,0.356
0.3,0.45
0.0,0.0
0.5,0.5
0.0,0.0
0.133,0.425
0.1,0.8
0.0,0.0
0.0,0.0
0.0,0.0
0.5,0.5
0.0,0.0
-0.063,0.188
0.071,0.553
0.2,0.467
-0.167,0.067
0.267,0.433
-0.013,0.063
0.5,0.5
0.0,0.0
0.168,0.277
-0.075,0.506
0.0,0.3
0.0,0.375
0.0,0.0
0.018,0.277
0.143,0.268
0.136,0.455
0.0,0.0
-0.05,0.489
0.5,0.5
0.3,0.563
0.05,0.379
0.0,0.067
-0.3,0.4
0.0,0.0
0.0,0.0
0.0,0.0
0.0,0.0
0.067,0.233
-0.125,1.0
0.0,0.0
0.0,0.0
0.0,0.0
0.0,0.0
0.0,0.0
0.1,0.414
0.0,0.333
0.2,0.2
0.1,0.163
0.208,0.354
-0.05,0.4
0.0,0.0
-0.1,0.1
0.0,0.125
-0.015,0.444
0.116,0.679
0.083,0.111
0.267,0.333
0.0,0.0
0.0,0.0
0.8,1.0
0.092,0.758
0.0,0.0
0.283,0.411
0.0,0.0
0.0,0.0
0.2,0.667
0.05,0.05
0.25,0.3
0.0,0.0
-0.3,0.5
-0.05,0.406
-0.071,0.214
0.0,0.125
0.267,1.0
-0.396,0.521
-0.133,0.033
0.17,0.443
0.0,0.0
0.1,0.15
0.0,0.0
-0.8,1.0
0.0,0.0
-0.35,0.55
0.0,0.0
0.357,0.571
0.05,0.45
-0.1,0.1
-0.25,0.25
0.1,0.4
0.0,0.0
-0.367,0.467
0.0,0.0
0.0,0.0
0.0,0.0
-0.1,0.0
0.0,0.0
-0.056,0.422
-0.125,0.25
0.333,0.667
0.5,0.5
0.25,0.45
0.175,0.217
0.0,0.1
1.0,1.0
-0.125,0.125
0.15,0.45
0.278,0.489
0.0,0.05
-0.113,0.425
0.0,0.0
0.033,0.733
-0.158,0.233
0.25,0.45
0.0,0.0
0.0,0.563
0.0,0.0
-0.158,0.233
-0.03,0.498
0.25,0.333
0.137,0.343
0.0,0.067
0.143,0.268
0.25,0.548
0.0,0.0
0.0,0.0
0.433,0.536
0.0,0.0
0.0,0.0
0.2,0.3
-0.05,0.65
0.2,0.5
0.188,0.438
0.0,0.0
0.0,0.0
0.0,0.0
0.2,0.1
-0.1,0.1
0.0,0.0
-0.056,0.322
0.0,0.7
0.0,0.533
0.0,0.0
-0.333,0.667
0.0,0.0
0.0,0.0
0.0,0.0
0.083,0.486
0.0,0.0
0.15,0.525
0.2,0.2
0.275,0.5
-0.071,0.214
0.0,0.0
0.136,0.455
0.0,0.0
-0.5,0.5
0.0,0.0
0.0,0.067
0.0,0.375
0.043,0.275
0.0,0.0
0.0,0.0
0.0,0.0
0.25,0.283
0.0,0.0
0.5,0.5
0.0,0.0
-0.2,0.1
0.5,0.5
0.08,0.353
-0.058,0.492
0.035,0.41
-0.1,0.1
-0.8,1.0
-0.8,1.0
0.0,0.0
0.417,0.583
0.5,0.5
-0.156,0.289
0.214,0.429
0.0,0.0
0.0,0.0
-0.033,0.633
0.125,0.292
-0.222,0.311
0.0,0.0
0.5,0.5
0.0,0.0
0.1,0.383
-0.463,0.637
0.0,1.0
0.0,0.75
0.0,0.65
0.0,0.0
0.0,0.0
-0.133,0.233
0.2,0.1
0.333,0.5
0.057,0.477
-0.018,0.414
0.0,0.0
0.0,0.0
-0.15,0.4
0.0,0.0
0.0,0.0
0.0,0.0
-0.083,0.067
0.16,0.54
0.214,0.429
0.0,0.0
0.0,0.0
0.0,0.083
0.0,0.0
-0.156,0.289
0.0,0.55
0.325,0.625
-0.09,0.31
0.0,0.0
0.0,0.0
-0.133,0.233
0.417,0.417
0.0,0.0
0.1,0.4
0.0,0.0
0.0,0.0
-0.6,0.8
0.075,0.275
0.0,0.0
0.5,0.5
0.5,0.8
0.136,0.455
-0.167,0.067
1.0,0.3
0.0,0.0
0.8,0.4
0.0,0.0
0.0,1.0
0.1,0.4
0.0,0.0
0.2,0.1
0.068,0.29
-0.15,0.4
0.0,0.0
0.258,0.47
0.179,0.536
0.0,0.5
0.1,0.533
0.0,0.0
0.0,0.0
0.0,0.0
-0.083,0.217
0.0,1.0
0.2,0.1
0.0,0.0
0.136,0.455
0.0,0.375
-0.3,0.4
0.0,0.625
0.0,0.0
0.2,0.1
-0.2,0.3
0.2,0.2
0.0,0.067
0.0,0.167
0.0,0.0
0.0,0.0
0.295,0.468
0.325,0.433
0.0,0.067
0.5,0.5
0.0,1.0
0.05,0.7
0.0,0.0
0.25,0.25
0.0,0.0
0.0,0.0
-0.083,0.167
0.063,0.298
0.115,0.43
0.25,0.467
0.1,0.4
-0.071,0.214
0.0,0.0
0.0,0.0
-0.487,0.512
0.5,0.5
-0.021,0.218
0.16,0.54
0.042,0.283
0.0,0.0
0.0,1.0
-0.167,0.067
0.6,0.9
0.5,0.5
0.139,0.628
-0.3,0.6
0.1,0.4
0.214,0.571
-0.1,0.1
0.0,0.0
0.0,0.0
-0.1,0.1
-0.063,0.5
-0.156,0.289
-0.125,0.375
0.3,1.0
0.094,0.188
-0.05,0.0
0.5,0.5
-0.125,0.625
0.263,0.425
0.25,0.25
0.5,0.5
0.0,0.0
0.182,0.416
0.0,0.0
0.417,0.583
-0.35,0.6
0.25,0.25
-0.325,0.5
0.0,0.0
0.0,0.0
0.0,0.0
-0.067,0.15
0.033,0.067
0.4,0.6
0.2,0.1
-0.1,0.1
0.017,0.158
0.0,0.0
0.0,0.067
0.3,0.45
0.33,0.52
0.5,0.5
-0.125,0.125
0.0,0.0
0.1,0.7
0.0,0.0
0.0,0.0
0.254,0.36
0.0,0.0
0.0,0.422
-0.225,0.4
0.0,0.0
0.068,0.29
0.0,0.5
0.0,0.0
0.0,0.0
-0.086,0.239
-0.07,0.37
0.0,0.05
-0.244,0.65
0.4,0.9
0.0,0.0
0.1,0.412
0.393,0.518
0.0,0.0
0.0,0.067
0.083,0.583
0.258,0.583
0.1,0.5
0.0,0.0
0.0,0.0
0.1,0.2
0.5,0.5
0.0,0.0
0.0,1.0
-0.4,0.7
0.286,0.536
-0.167,0.167
0.6,0.9
0.0,0.0
0.4,0.7
0.0,0.0
0.25,0.311
0.533,0.667
0.0,0.033
0.417,0.5
0.143,0.426
0.3,0.45
-0.055,0.17
0.0,0.0
0.35,0.65
0.2,0.35
0.0,0.0
0.0,0.0
0.0,0.0
0.2,0.3
-0.083,0.096
0.5,0.5
0.5,0.5
-0.3,0.5
0.0,0.0
-0.167,0.067
0.0,0.0
0.0,0.1
0.25,0.5
0.0,0.0
-0.25,0.4
0.5,0.5
0.35,0.417
-0.156,0.189
0.3,0.55
0.287,0.588
0.0,0.0
0.0,0.0
0.0,1.0
0.0,0.125
0.0,0.0
-0.05,0.4
-0.5,0.2
0.0,0.0
0.118,0.427
-0.156,0.289
0.2,0.1
-0.3,0.2
0.5,0.5
-0.208,0.233
0.1,1.0
0.136,0.455
-0.2,0.25
0.0,0.0
0.167,0.417
0.0,0.4
0.288,0.576
0.0,0.0
0.0,0.0
0.188,0.438
0.0,1.0
0.0,0.0
0.0,0.0
-0.078,0.367
0.1,0.4
0.0,0.0
-0.177,0.283
0.0,0.0
0.0,0.15
0.0,1.0
-0.4,0.6
0.412,0.75
0.25,0.5
0.0,0.0
0.042,0.642
0.1,0.35
0.0,0.563
0.028,0.139
-0.25,0.5
0.0,0.0
0.0,0.0
0.0,0.033
0.0,0.0
0.0,0.0
0.0,0.0
0.0,0.0
0.0,0.0
0.05,0.5
0.0,0.0
0.0,0.0
-0.45,0.525
0.0,0.0
0.0,0.0
-0.3,0.4
0.55,0.7
0.2,0.3
0.004,0.277
0.217,0.483
0.318,0.477
0.214,0.429
0.162,0.368
0.0,0.0
0.0,1.0
0.0,0.0
-0.125,0.117
0.0,0.0
0.125,0.45
-0.6,0.9
0.0,0.0
0.0,0.0
0.0,1.0
-0.031,0.11
0.0,0.0
0.0,0.0
0.109,0.379
0.0,0.0
0.0,0.0
-0.167,0.117
0.0,0.0
-0.025,0.225
0.0,0.0
0.0,0.0
0.0,0.0
0.0,0.0
0.0,0.0
0.0,1.0
0.083,0.489
0.0,0.0
-0.067,0.267
0.0,0.7
-0.4,0.85
0.0,0.0
0.425,0.558
0.065,0.304
-0.15,0.4
0.0,0.0
0.0,0.5
0.0,0.0
0.4,0.5
0.0,0.0
0.0,0.0
-0.1,0.025
0.0,0.0
0.0,1.0
0.0,0.0
0.178,0.289
0.0,0.0
0.3,0.1
0.0,0.0
-0.35,0.333
0.0,0.0
-0.132,0.527
0.234,0.42
0.0,0.0
0.0,0.0
0.0,0.0
0.5,0.5
0.225,0.317
0.0,0.0
0.18,0.37
0.0,0.0
0.0,0.125
0.2,0.1
0.2,0.3
0.0,0.0
0.5,0.5
0.0,0.0
0.0,0.0
0.0,0.5
0.0,0.0
0.5,0.5
0.0,0.0
0.6,1.0
0.088,0.467
0.0,0.0
0.5,0.5
0.0,0.0
0.0,0.0
0.287,0.383
0.083,0.178
0.0,0.5
0.362,0.65
0.0,0.625
0.0,0.0
0.0,0.0
0.0,0.0
0.5,0.5
0.0,0.0
0.25,0.3
0.05,0.367
-0.063,0.313
0.0,0.0
0.2,0.2
-0.071,0.214
0.0,0.0
0.5,0.5
0.0,0.0
0.167,0.522
0.0,0.0
0.0,0.4
0.5,0.5
-0.3,0.433
0.333,0.667
0.1,0.4
0.375,0.417
0.0,0.0
0.0,0.3
0.0,0.0
0.1,0.1
-0.038,0.318
0.0,0.0
0.0,0.0
0.136,0.455
0.25,0.5
0.0,0.0
0.0,0.0
0.119,0.51
0.0,0.0
0.0,0.0
0.188,0.438
0.0,0.0
0.0,0.0
0.0,0.0
0.0,0.0
0.0,0.0
0.0,0.0
0.0,1.0
0.0,0.0
0.2,0.333
0.0,0.0
0.2,0.2
0.25,0.319
0.433,0.439
-0.333,0.533
0.0,0.0
0.0,0.0
0.0,0.0
0.011,0.089
0.0,0.0
0.325,0.567
0.067,0.433
0.0,0.0
0.001,0.276
0.0,0.0
1.0,1.0
0.0,0.0
0.0,0.237
0.0,0.05
0.25,0.3
0.08,0.287
0.5,0.5
0.0,0.0
0.0,0.1
0.0,0.0
-0.125,0.125
0.5,0.5
-0.15,0.4
-0.167,0.067
0.78,1.0
0.0,0.0
0.05,0.5
0.0,0.0
0.25,0.5
0.5,0.5
0.2,0.1
-0.167,0.067
0.0,0.0
0.2,0.3
0.344,0.469
0.018,0.277
0.0,0.0
0.267,0.283
0.25,0.333
0.0,0.0
0.0,0.0
0.0,0.0
-0.333,0.542
-0.1,0.1
0.0,0.0
0.0,0.05
0.0,0.0
0.0,0.0
0.0,0.0
0.101,0.306
0.0,0.0
0.0,0.0
0.0,0.0
0.068,0.25
0.0,0.0
0.0,0.0
0.0,0.75
0.0,0.0
0.0,0.067
0.4,0.8
-0.5,0.5
0.0,0.0
0.212,0.568
0.0,0.0
0.0,0.0
0.5,0.5
0.0,0.0
0.1,0.4
0.125,0.167
0.22,0.47
0.0,0.0
0.0,0.0
0.318,0.5
-0.045,0.395
0.0,0.0
0.8,0.75
0.0,0.375
0.0,0.067
0.2,0.2
-0.333,0.667
0.0,0.0
0.0,0.0
0.058,0.233
0.12,0.513
-0.156,0.189
0.033,0.067
-0.2,0.3
0.267,0.6
0.2,0.1
-0.133,0.233
0.5,0.5
0.1,0.2
0.0,0.0
0.0,0.0
0.2,0.738
0.2,0.2
0.0,0.0
0.0,0.0
0.0,0.0
0.0,1.0
-0.4,0.45
0.2,0.2
0.35,0.45
0.5,0.5
0.0,0.0
0.237,0.633
0.0,0.0
0.0,0.0
0.0,0.0
-0.125,0.375
-0.167,0.433
0.5,0.5
0.25,0.75
-0.04,0.68
0.0,0.1
-0.15,0.4
0.0,0.0
0.25,0.283
0.0,0.0
0.35,0.55
-0.5,0.5
0.0,0.0
0.0,0.0
0.152,0.29
0.104,0.583
0.45,0.85
0.1,0.1
0.0,0.0
-0.26,0.388
0.0,0.0
0.0,0.0
0.1,0.133
0.0,0.067
-0.156,0.289
0.433,0.6
-0.313,0.688
0.7,0.6
0.188,0.438
0.0,0.5
-0.05,0.05
-0.05,0.3
0.033,0.067
0.0,0.0
0.0,0.0
0.0,0.0
-0.05,0.3
0.0,0.0
-0.3,0.4
0.0,0.0
0.0,0.0
0.0,0.0
-0.2,0.35
0.0,0.0
0.243,0.318
-0.125,1.0
0.0,0.0
0.4,0.9
-0.167,0.189
0.136,0.455
0.0,0.0
0.0,0.0
0.0,0.0
0.193,0.394
0.511,0.422
0.0,0.0
-0.025,0.4
0.0,0.0
0.119,0.335
0.25,0.333
0.0,0.0
0.0,0.0
0.0,0.0
0.6,1.0
0.2,0.1
0.0,0.0
0.0,0.0
0.5,0.5
-0.25,0.4
-0.1,0.55
0.25,0.583
0.0,0.1
-0.5,0.5
0.0,0.0
0.25,0.333
0.2,0.2
0.0,0.0
0.0,0.0
0.0,0.0
0.0,0.0
0.05,0.35
0.017,0.083
0.0,0.0
0.0,0.0
0.0,0.0
0.5,0.5
-0.3,0.5
0.214,0.429
0.0,0.0
-0.5,0.5
0.0,0.0
0.0,0.0
0.0,0.5
0.0,0.0
-0.071,0.214
0.0,0.0
0.4,0.4
0.0,0.0
0.0,0.6
0.5,0.5
-0.2,0.3
-0.15,0.4
0.2,0.1
0.267,0.4
0.0,1.0
-0.083,0.25
0.0,0.0
0.104,0.521
0.086,0.369
0.0,0.5
0.175,0.387
0.1,0.4
0.127,0.41
0.0,0.0
0.281,0.5
0.5,0.5
0.286,0.536
0.25,0.75
0.0,0.0
0.5,0.5
0.136,0.455
0.0,0.0
0.0,0.0
0.0,0.0
-0.1,0.433
0.0,0.0
0.6,1.0
0.5,0.5
0.2,0.552
0.0,0.0
0.3,0.3
-0.203,0.269
0.35,0.55
0.0,0.0
0.033,0.067
-0.292,0.542
0.417,0.583
0.0,0.0
0.0,0.221
0.0,1.0
0.5,0.5
0.125,0.292
0.5,0.5
0.0,0.0
0.0,0.1
0.25,0.75
0.0,0.0
0.517,0.183
0.0,0.0
-0.3,0.2
-0.8,1.0
-0.15,0.7
0.0,0.0
0.0,0.0
0.25,0.283
-0.014,0.422
0.0,0.2
0.068,0.227
0.2,0.3
0.1,0.4
0.1,0.05
0.0,0.0
-0.078,0.178
0.1,0.2
0.045,0.299
-1.0,1.0
0.2,0.1
0.425,0.667
0.0,0.1
0.0,0.0
0.144,0.4
0.0,0.0
-0.1,0.875
-0.156,0.289
0.179,0.336
0.5,0.625
0.0,0.0
-0.075,0.233
0.5,0.5
-0.233,0.283
0.0,0.0
-0.094,0.75
0.0,0.0
0.0,0.033
0.0,0.0
0.0,0.0
-0.5,0.5
0.0,0.4
0.05,0.2
0.0,0.0
0.0,0.0
0.6,0.55
0.0,0.0
0.138,0.588
0.167,0.383
0.5,0.5
0.16,0.54
0.0,0.0
0.0,0.0
0.0,0.0
0.0,0.0
0.136,0.455
0.0,0.7
-0.025,0.125
0.0,0.0
0.2,0.2
0.0,0.0
0.168,0.327
-0.083,0.083
0.0,0.0
0.1,0.425
0.0,0.0
0.175,0.45
0.245,0.55
0.0,0.0
0.2,0.3
0.433,0.6
0.0,0.0
0.0,0.0
0.167,0.542
-0.114,0.283
-0.5,0.5
0.0,0.063
-0.075,0.25
0.05,0.15
-0.375,0.35
0.38,0.455
0.032,0.334
-0.06,0.273
0.5,0.5
0.0,0.0
0.161,0.397
0.333,0.667
0.0,0.0
-0.071,0.143
0.0,0.0
0.5,0.5
0.5,0.5
0.0,0.067
1.0,1.0
0.188,0.438
-0.133,0.533
0.0,0.0
0.188,0.438
0.0,0.0
0.6,1.0
-0.5,0.5
0.0,0.0
0.041,0.375
0.0,0.0
0.136,0.455
0.0,0.0
0.1,0.6
0.0,0.4
0.5,0.5
0.0,0.1
0.033,0.067
0.252,0.577
0.0,0.0
0.6,0.95
0.0,0.0
0.0,0.0
0.033,0.333
0.0,0.0
0.375,0.417
-0.056,0.056
0.172,0.394
0.125,0.167
0.0,0.0
0.143,0.268
0.0,0.0
0.0,0.0
0.0,0.0
0.0,0.0
0.0,0.4
-0.156,0.289
0.0,0.0
-0.071,0.214
0.125,0.75
0.1,0.4
0.391,0.65
-0.4,0.6
0.0,0.1
-0.1,0.1
0.0,0.357
0.0,0.0
0.0,0.0
0.053,0.213
0.1,0.3
-0.063,0.313
-0.15,0.4
-0.033,0.083
0.0,1.0
0.45,0.6
0.0,1.0
0.0,0.0
-0.172,0.2
0.033,0.067
0.0,0.0
0.1,0.383
0.0,0.0
0.417,0.583
0.0,0.0
0.0,0.0
-0.25,0.25
0.0,0.0
0.0,0.033
0.25,0.333
0.5,0.5
0.16,0.611
0.0,0.125
0.0,0.067
-0.5,0.5
0.0,0.0
-0.3,0.5
0.0,0.0
0.031,0.75
0.2,0.25
0.0,0.15
-0.042,0.883
0.1,0.2
0.0,0.0
0.0,0.0
-0.175,0.25
0.0,0.0
0.0,0.0
0.0,0.0
0.0,0.25
0.0,0.0
-0.083,0.308
0.1,0.65
0.0,0.0
0.0,0.0
0.0,0.0
0.0,0.0
0.0,1.0
0.625,0.5
-0.167,0.067
0.0,0.0
0.25,0.375
0.212,0.35
-0.2,0.1
0.033,0.067
0.0,0.0
-0.125,0.125
0.533,0.667
0.0,0.0
0.0,0.0
0.009,0.264
0.069,0.314
0.078,0.122
0.0,0.0
0.1,1.0
-0.037,0.279
0.0,0.0
0.5,0.5
0.0,0.0
0.3,0.75
0.125,0.345
0.0,0.0
-0.107,0.518
0.5,0.5
0.0,0.0
0.0,1.0
-0.083,0.083
0.0,0.0
0.16,0.54
0.0,0.0
0.017,0.3
0.0,0.0
0.0,0.067
0.0,0.0
-0.156,0.289
0.188,0.438
0.0,0.0
0.0,0.0
0.3,0.475
0.0,1.0
-0.25,0.75
0.0,0.0
-0.1,0.1
-0.3,0.55
0.293,0.652
0.214,0.429
-0.167,0.142
0.136,0.455
-0.013,0.063
0.0,0.0
0.0,0.9
-0.156,0.289
0.388,0.6
-0.05,0.4
0.079,0.552
0.0,0.0
0.0,0.75
-0.1,0.1
0.0,0.0
-0.5,0.5
0.0,0.0
0.0,0.75
0.0,0.0
0.2,0.45
0.2,0.3
0.111,0.478
0.2,0.1
0.031,0.302
0.0,0.0
0.068,0.25
0.0,0.0
0.25,0.333
0.318,0.477
-0.1,0.2
0.0,0.0
0.5,0.5
-0.094,0.25
0.0,0.0
0.5,0.5
0.0,1.0
0.0,0.0
0.2,0.4
0.0,0.0
0.0,0.0
0.4,0.5
0.194,0.369
0.0,0.0
0.05,0.379
0.0,0.0
0.0,0.067
0.384,0.434
0.0,0.0
0.333,0.5
0.5,0.5
0.0,0.0
0.0,0.0
-0.175,0.35
-0.071,0.214
0.0,0.0
0.0,0.0
0.5,0.5
0.5,0.5
0.05,0.7
0.0,0.0
0.0,0.0
-0.5,0.5
0.5,0.5
-0.5,0.5
0.0,0.0
0.0,0.067
0.0,0.0
0.0,0.0
0.0,0.0
0.0,1.0
0.0,0.3
0.0,0.0
0.0,0.0
0.0,0.0
0.0,0.0
-0.5,0.667
0.0,0.0
0.117,0.344
-0.164,0.35
0.0,0.0
0.0,0.0
-0.153,0.344
0.0,0.0
0.0,0.625
-0.1,0.1
0.0,0.0
-0.6,0.9
0.25,0.333
0.097,0.422
0.25,0.5
0.0,0.0
0.2,0.3
0.5,0.5
-0.2,0.2
0.2,0.2
0.0,0.0
0.136,0.455
0.2,0.2
0.0,0.0
0.0,0.0
0.0,0.0
-0.071,0.214
0.0,1.0
0.5,0.5
-0.208,0.283
0.0,0.0
-0.05,0.3
0.014,0.307
0.0,0.0
0.003,0.347
0.0,0.0
0.0,0.0
0.4,0.8
0.0,0.0
-0.25,0.283
0.096,0.462
0.0,0.0
0.0,0.533
0.0,0.0
0.136,0.5
0.0,0.1
0.3,0.563
0.0,0.0
-0.15,0.35
0.2,0.3
0.0,0.0
0.188,0.438
0.0,0.0
0.5,0.5
0.0,0.0
0.1,0.4
-0.167,0.289
0.183,0.4
0.0,0.0
0.3,0.9
-0.225,0.25
0.0,0.0
0.0,0.0
-0.5,0.3
0.136,0.455
0.05,0.55
0.0,0.0
0.0,0.0
0.0,0.0
0.118,0.427
0.0,0.0
0.0,0.0
0.15,0.6
0.0,0.0
0.2,0.3
0.0,0.0
0.3,0.95
0.5,0.5
0.0,0.0
0.0,1.0
0.0,0.0
0.25,0.333
0.25,0.55
0.0,0.1
0.0,0.563
0.286,0.536
-0.167,0.192
0.0,0.0
0.0,0.0
0.3,0.0
0.0,0.0
0.179,0.312
0.0,1.0
-0.083,0.096
0.112,0.485
0.5,0.5
0.0,0.0
0.5,0.5
0.0,0.5
0.0,0.067
-0.3,0.55
-0.6,0.9
0.0,0.0
0.0,0.0
-0.188,0.5
0.067,0.35
-0.167,0.167
0.0,0.0
0.125,0.45
0.25,0.4
0.25,0.333
0.0,0.0
0.5,0.5
-0.2,0.1
-0.075,0.4
0.25,0.333
0.5,0.5
0.0,0.0
0.0,0.0
0.143,0.268
0.8,0.75
-0.1,0.1
0.0,0.0
0.6,1.0
0.0,0.0
0.0,0.0
0.75,0.95
0.136,0.455
0.0,0.0
0.0,0.0
0.0,0.0
0.2,0.3
-0.167,0.167
0.25,0.528
0.5,0.5
-0.067,0.178
0.0,0.0
0.0,0.0
0.0,0.0
0.0,0.0
0.225,0.267
0.0,0.0
-0.071,0.214
-0.15,0.4
0.067,0.2
0.0,0.0
0.0,0.4
0.2,0.9
0.0,0.0
0.0,0.0
0.0,0.0
0.0,0.0
0.0,0.2
0.068,0.727
0.0,0.0
-0.15,0.35
0.136,0.455
-0.05,0.167
-0.075,0.2
0.75,0.95
0.0,0.0
0.2,0.2
0.0,0.0
0.0,1.0
0.284,0.494
-0.25,0.4
0.1,0.4
0.0,0.0
0.0,0.0
-0.025,0.125
-0.25,0.5
0.375,0.417
0.0,0.0
0.0,0.0
0.0,0.0
0.211,0.306
0.0,0.0
0.2,0.1
0.0,0.0
-0.009,0.332
0.278,0.5
0.0,0.0
-0.2,0.0
0.2,0.3
0.112,0.563
0.2,0.1
0.0,0.0
-0.167,0.333
0.0,0.0
0.0,0.0
0.0,0.0
0.0,0.0
0.5,0.5
0.286,0.536
0.187,0.435
0.015,0.305
0.0,0.067
-0.167,0.167
0.136,0.455
0.325,0.1
0.1,0.2
0.0,0.0
0.0,0.5
0.0,0.1
0.25,0.75
0.2,0.2
0.0,0.0
0.05,0.2
0.0,0.05
0.0,0.0
-0.3,0.775
0.167,0.375
0.0,0.0
0.0,0.0
0.0,0.0
0.063,0.5
0.0,0.0
0.034,0.162
-0.063,0.188
0.318,0.5
0.0,0.0
0.0,0.0
-0.072,0.3
-0.2,0.35
0.267,0.433
0.2,0.2
0.0,0.0
0.0,0.0
0.0,0.0
0.313,0.55
0.0,0.0
0.0,0.0
-0.056,0.056
0.05,0.65
0.0,0.438
0.0,0.0
0.0,0.0
0.5,0.5
0.35,0.35
0.212,0.418
0.245,0.493
0.136,0.455
0.0,1.0
-0.063,0.188
0.0,0.0
0.0,1.0
0.0,0.0
0.018,0.457
0.0,0.0
0.0,0.0
0.0,0.0
0.188,0.438
-0.45,0.7
-0.5,0.5
0.0,0.0
0.0,0.0
0.175,0.45
0.0,0.0
-0.122,0.206
-0.167,0.167
0.0,0.0
0.083,0.361
0.136,0.455
0.0,0.0
0.0,0.0
0.125,0.292
0.5,0.5
0.0,0.0
0.25,0.75
0.0,0.5
0.5,0.5
0.0,0.0
0.0,0.0
0.05,1.0
0.0,0.0
0.0,0.0
0.0,0.0
0.5,0.289
-0.094,0.283
0.292,0.458
0.0,0.0
0.0,0.125
0.0,0.0
-0.389,0.833
0.0,0.0
0.0,0.0
0.071,0.637
0.0,0.0
-0.5,0.3
0.0,0.0
0.0,0.6
0.0,0.0
0.0,0.0
0.0,0.0
0.0,0.0
-0.4,0.4
0.1,0.35
0.143,0.518
0.0,0.0
0.0,0.0
0.0,0.0
0.1,0.4
0.25,0.5
0.0,0.0
0.417,0.583
-0.125,0.375
0.0,0.0
0.0,0.0
-0.15,0.4
0.094,0.4
0.0,0.0
0.0,0.0
0.05,0.5
-0.131,0.181
0.0,0.0
0.0,0.0
0.0,0.0
0.0,0.042
0.0,0.0
0.0,0.067
0.062,0.352
0.188,0.438
0.0,0.0
0.0,0.0
0.0,0.0
0.286,0.536
0.0,0.0
0.0,0.0
0.0,0.0
-0.042,0.126
0.0,0.3
0.55,0.825
0.0,0.067
0.0,0.0
0.0,0.0
0.0,0.0
0.0,0.0
0.0,0.0
0.068,0.75
-0.15,0.4
0.0,0.0
0.25,0.25
-0.156,0.289
0.008,0.367
0.05,0.5
0.0,0.0
0.111,0.256
0.0,0.417
-0.15,0.4
-0.25,0.625
0.0,0.0
0.5,0.833
0.2,0.1
-0.067,0.217
0.0,0.0
0.0,0.0
-0.264,0.347
0.0,0.0
0.261,0.3
0.0,0.0
0.0,0.0
0.233,0.367
0.0,0.221
0.0,0.25
0.0,0.0
0.0,0.0
0.188,0.458
0.0,0.0
0.6,0.9
-0.1,0.833
0.283,0.423
0.0,0.0
0.0,0.0
0.0,0.067
-0.3,0.4
-0.3,0.4
0.167,0.333
0.125,0.537
0.0,0.0
0.0,0.0
0.5,0.5
0.0,0.033
0.0,0.0
-0.075,0.05
0.303,0.563
0.136,0.5
-0.05,0.4
0.0,0.0
0.136,0.455
0.25,0.333
-0.1,0.3
0.0,0.0
0.136,0.455
0.0,0.0
0.5,0.5
-0.375,0.625
0.0,0.0
0.5,0.5
0.025,0.175
0.0,0.0
0.0,0.1
0.0,0.067
0.0,0.0
0.136,0.455
-0.156,0.289
0.0,0.0
0.0,0.625
-0.024,0.405
0.0,0.0
0.0,0.5
0.0,0.0
0.417,0.583
-0.089,0.078
0.13,0.313
0.136,0.455
0.0,0.0
-0.125,0.375
0.003,0.257
0.0,0.0
0.033,0.067
0.0,0.0
0.143,0.268
0.0,0.0
0.0,0.0
0.0,0.0
0.136,0.455
0.0,0.0
-0.25,0.375
0.8,1.0
0.0,0.0
0.0,0.367
0.5,0.5
0.0,0.0
0.2,0.4
0.033,0.067
0.15,0.3
-0.128,0.194
0.0,0.0
0.357,0.571
0.0,0.0
0.0,0.25
0.0,0.067
0.3,0.0
0.4,0.5
0.0,0.0
-0.005,0.435
0.0,0.0
0.033,0.067
0.0,0.0
0.5,0.5
0.0,0.1
0.0,0.625
0.195,0.379
0.0,0.0
0.0,0.0
0.0,0.0
-0.167,0.067
0.0,0.0
0.0,0.0
0.333,0.333
0.1,0.4
0.063,0.5
0.286,0.536
0.0,0.25
0.0,0.0
0.0,0.4
0.0,0.0
0.0,0.0
0.0,0.0
0.1,0.475
0.1,0.3
-0.083,0.667
0.0,0.0
0.4,0.558
-0.7,0.667
0.0,0.0
0.188,0.438
0.0,0.125
0.1,0.383
0.3,0.45
-0.5,0.5
0.35,0.55
0.0,0.067
0.0,0.0
0.3,0.5
-0.6,1.0
0.0,0.0
-0.075,0.275
0.5,0.5
0.0,0.0
0.0,0.0
-0.067,0.325
0.112,0.518
0.0,0.0
0.267,0.283
0.0,0.0
0.35,0.4
0.286,0.536
0.5,0.5
0.136,0.455
0.0,0.0
0.125,0.563
0.0,0.4
0.0,0.0
0.0,0.0
0.0,0.5
0.0,0.0
0.167,0.463
0.0,0.0
0.0,0.0
0.5,0.5
-0.15,0.4
0.0,0.0
0.3,0.1
0.0,0.067
0.0,0.0
0.4,1.0
0.033,0.067
0.5,0.5
0.0,0.0
0.238,0.357
-0.005,0.195
0.3,0.75
-0.3,0.3
0.0,0.0
0.0,0.067
0.0,0.0
0.083,0.311
0.0,0.356
-0.1,0.1
-0.133,0.233
0.0,0.0
0.329,0.579
0.167,0.189
0.0,0.4
0.0,0.0
0.0,0.0
0.425,0.575
-0.125,0.375
0.0,0.0
0.25,0.467
0.1,0.4
0.0,0.0
0.0,0.563
0.063,0.5
0.0,0.375
0.5,0.5
0.0,0.625
0.0,0.0
0.0,0.0
0.0,0.1
-0.25,0.25
0.206,0.431
0.25,0.283
-0.125,0.375
0.5,1.0
0.0,0.0
0.0,0.0
0.0,0.0
0.136,0.455
0.0,0.0
0.0,0.0
0.0,0.067
0.0,0.0
-0.058,0.333
-0.049,0.314
0.291,0.728
0.0,0.0
0.5,0.5
0.0,0.0
0.0,0.0
0.05,0.15
0.0,0.0
0.0,0.0
0.5,0.5
0.167,0.75
-0.2,0.05
0.0,0.25
0.25,0.25
0.6,1.0
0.0,0.0
0.107,0.464
0.0,0.0
0.188,0.438
0.0,0.0
0.0,0.0
0.0,0.375
-0.183,0.367
0.5,0.5
0.0,0.0
-0.063,0.487
0.0,0.0
-0.3,0.2
-0.1,0.1
-0.167,0.167
0.25,0.333
0.0,0.0
-0.167,0.167
0.0,0.0
0.0,0.0
0.0,0.067
0.227,0.704
0.5,0.8
-0.425,0.625
0.0,0.0
0.0,0.125
0.0,1.0
-0.167,0.167
0.0,0.0
0.0,0.0
-0.125,0.35
0.08,0.47
0.136,0.455
0.78,1.0
0.0,0.0
0.0,0.4
-0.283,0.517
0.3,0.9
0.0,0.5
-0.063,0.063
0.0,0.0
0.25,0.5
-0.5,1.0
0.0,0.0
0.0,0.0
0.6,0.9
0.0,0.0
-0.5,0.3
0.067,0.133
-0.078,0.644
0.0,0.0
0.0,0.0
0.0,0.0
0.3,0.467
0.0,0.0
0.0,0.0
0.0,0.0
0.0,0.0
0.0,0.0
0.0,0.0
0.0,0.125
0.136,0.455
0.5,0.15
-0.078,0.144
0.045,0.485
0.204,0.777
-0.5,0.9
0.286,0.536
0.0,0.0
0.8,0.75
0.0,0.0
-0.016,0.3
0.0,0.0
-0.125,0.375
-0.3,0.5
0.136,0.455
0.0,0.0
0.25,0.75
0.25,0.311
0.0,0.0
-0.167,0.167
-0.05,0.55
-0.1,0.1
0.033,0.389
1.0,0.75
0.25,1.0
0.0,0.0
0.0,0.0
-0.4,0.6
0.5,0.5
-0.219,0.763
0.0,0.125
-0.163,0.2
-0.12,0.62
0.033,0.067
0.0,0.0
0.1,0.287
0.0,0.0
0.0,0.0
0.2,0.9
0.0,0.0
-0.1,0.1
0.227,0.527
0.0,0.0
0.0,0.0
0.5,0.5
0.0,0.0
0.2,0.2
0.25,0.45
-0.125,0.264
0.0,0.1
0.0,0.0
0.033,0.067
-0.125,0.125
0.136,0.455
0.042,0.25
0.5,0.5
0.0,0.0
0.0,0.0
0.0,0.2
-0.125,0.375
0.0,0.0
0.0,0.0
-0.167,0.067
0.0,0.0
0.1,0.4
-0.5,0.3
0.0,0.0
0.0,0.033
0.25,0.25
0.0,0.0
-0.4,0.4
0.0,0.0
0.0,0.0
-0.333,0.667
-0.156,0.289
0.0,0.0
0.061,0.411
-0.15,0.5
-0.5,0.5
0.0,0.0
0.0,0.0
0.0,1.0
0.1,0.4
0.0,0.1
0.0,0.0
0.0,0.0
0.5,0.5
0.333,0.583
-0.075,0.2
-0.567,0.833
0.0,0.0
0.0,0.0
0.25,0.333
0.0,0.0
-0.5,0.5
0.0,0.0
0.6,0.95
0.0,0.0
0.108,0.265
0.0,0.0
0.2,0.55
0.033,0.217
0.5,0.5
-0.05,0.217
0.0,0.0
0.0,0.077
0.0,0.0
0.0,0.0
-0.25,0.4
-0.25,0.25
0.0,0.0
-0.063,0.212
0.0,0.0
-0.2,0.725
0.0,0.0
0.033,0.067
0.0,1.0
0.0,0.0
0.0,1.0
0.0,0.067
0.118,0.268
0.0,0.875
-0.233,0.283
0.0,0.0
0.243,0.368
0.0,0.0
0.0,0.0
0.0,0.0
0.0,0.0
0.0,1.0
0.0,0.25
-0.156,0.289
0.0,0.429
0.0,0.0
0.0,0.05
-0.071,0.214
0.075,0.646
0.333,0.417
0.0,0.0
0.0,0.0
0.125,0.583
0.0,0.1
0.0,1.0
-0.075,0.3
0.212,0.36
0.6,1.0
-0.058,0.175
0.0,0.0
-0.092,0.358
0.1,0.4
0.2,0.1
0.0,0.0
0.0,0.0
-0.25,0.25
0.0,0.0
-0.05,0.4
0.05,0.475
0.0,0.0
0.5,0.5
0.0,0.0
0.25,0.3
0.0,0.0
0.525,0.75
0.231,0.369
0.2,0.1
0.0,0.0
-0.1,0.1
0.108,0.267
0.12,0.402
0.192,0.392
0.0,0.0
-0.156,0.289
0.0,0.0
0.168,0.4
0.0,0.0
0.0,0.0
0.0,0.0
-0.01,0.372
0.104,0.667
0.25,0.333
0.136,0.455
0.0,0.0
0.0,0.0
-0.125,0.45
0.0,0.0
0.0,0.0
-0.45,0.5
0.0,0.0
0.068,0.29
1.0,1.0
0.4,0.9
0.05,0.2
0.0,0.0
0.0,0.0
0.0,0.067
-0.167,0.167
0.0,0.0
0.0,0.0
0.0,0.0
0.167,0.333
0.5,0.5
0.0,0.0
0.0,0.0
0.133,0.3
-0.478,0.644
0.0,0.0
0.0,0.356
0.0,0.0
0.286,0.536
0.0,1.0
0.5,1.0
0.0,0.0
0.0,0.0
0.0,0.0
0.1,0.237
0.0,0.0
0.133,0.367
0.0,0.0
0.0,0.0
0.0,0.0
0.0,0.533
0.374,0.535
0.2,0.4
0.0,0.0
0.5,0.5
0.0,0.0
0.333,0.367
-0.2,0.2
0.0,0.0
0.2,0.9
0.0,0.0
0.0,0.0
-0.1,0.2
0.287,0.596
0.017,0.533
0.004,0.358
0.0,0.0
0.5,0.5
0.175,0.675
-0.083,0.217
0.0,0.0
0.0,0.0
-0.038,0.402
0.5,0.5
0.0,0.0
0.0,1.0
0.2,0.3
0.0,0.0
-0.366,0.637
0.5,0.5
0.0,0.0
0.11,0.582
0.25,0.333
-1.0,1.0
0.0,0.0
0.5,0.5
0.0,0.3
0.0,0.0
1.0,1.0
-0.167,0.389
0.2,0.2
0.191,0.37
0.0,0.25
0.0,0.05
-0.167,0.5
1.0,0.3
0.095,0.312
0.0,0.0
0.333,0.467
0.6,0.8
0.129,0.263
0.287,0.599
0.0,0.0
0.0,0.0
0.357,0.464
0.0,0.0
0.117,0.597
0.7,0.8
0.375,0.5
0.0,0.0
0.0,0.0
0.063,0.5
0.15,0.5
0.0,1.0
-0.071,0.143
0.05,0.45
0.0,0.0
0.0,0.0
0.0,0.125
0.0,0.0
0.05,0.1
0.25,0.333
0.1,0.4
0.0,0.0
-0.2,0.35
0.0,0.0
0.205,0.52
0.025,0.392
0.0,0.0
0.0,0.0
0.046,0.267
0.1,0.4
0.333,0.375
0.8,1.0
-0.083,0.221
0.0,0.0
-0.4,0.95
0.154,0.279
0.0,0.067
0.0,0.0
-0.15,0.492
0.0,0.325
0.25,0.5
0.0,0.0
0.25,0.3
0.0,0.0
0.0,0.0
0.0,0.0
0.5,0.5
-0.25,0.25
-0.25,0.4
-0.1,0.7
0.0,0.0
0.0,0.0
0.1,0.1
0.0,0.0
-0.083,0.583
-0.4,0.6
0.0,0.0
0.2,0.3
-0.125,0.375
0.55,0.95
-0.15,0.4
0.0,0.0
0.45,0.9
0.0,0.0
0.0,0.0
0.0,0.0
0.014,0.664
0.0,0.0
0.0,1.0
0.0,0.5
0.136,0.455
0.0,0.067
-0.1,0.25
0.0,0.0
0.0,0.0
0.0,0.0
0.0,0.0
0.0,0.0
0.5,0.5
-0.083,0.283
0.0,0.0
0.0,0.067
0.0,0.0
0.0,0.5
-0.25,0.75
0.0,0.6
0.5,0.5
0.354,0.561
0.067,0.65
0.0,0.0
0.0,0.1
0.0,0.0
0.0,0.0
0.0,0.0
0.0,0.0
0.0,0.0
0.7,0.9
0.0,0.0
0.286,0.536
-0.267,0.489
0.45,0.55
0.0,0.0
0.1,0.383
-0.033,0.533
0.0,0.0
0.068,0.227
0.25,0.5
0.0,0.0
-0.125,0.25
-0.5,0.7
0.122,0.7
0.063,0.438
0.0,0.0
-0.1,0.092
-0.156,0.289
-0.362,0.512
0.167,0.292
0.167,0.333
0.0,0.0
0.0,0.0
-0.5,0.5
-0.186,0.307
0.4,0.9
0.05,0.5
0.0,0.0
0.357,0.571
-0.5,0.5
-0.033,0.283
0.444,0.578
0.0,0.0
0.5,0.5
-0.058,0.392
0.25,0.25
0.0,0.0
0.55,0.725
0.0,0.0
0.2,0.3
0.0,0.0
0.25,0.5
0.0,0.0
0.0,0.058
0.067,0.483
-0.022,0.656
-0.167,0.167
0.0,0.0
0.25,0.333
-0.4,0.6
0.118,0.427
0.0,0.067
0.7,0.6
0.05,0.6
0.0,0.4
-0.083,0.417
0.5,0.5
0.0,0.0
0.0,0.0
0.0,0.0
0.0,0.0
0.4,0.8
0.05,0.188
0.0,0.067
0.0,0.0
0.0,0.0
-0.5,1.0
-0.083,0.533
0.0,0.0
0.256,0.665
0.172,0.438
0.08,0.38
-0.133,0.6
0.25,0.55
-0.063,0.283
-0.8,1.0
-0.25,0.25
0.0,0.0
0.0,0.0
0.0,1.0
0.433,0.567
0.0,0.383
0.0,0.0
0.15,0.5
-0.225,0.175
0.0,0.0
0.4,0.8
0.0,0.0
0.0,0.0
0.367,0.767
0.5,0.5
0.214,0.643
-0.175,0.55
0.0,0.1
-0.432,0.727
-0.104,0.896
0.0,1.0
0.5,0.5
0.0,0.0
0.5,0.5
-0.15,0.4
0.0,0.0
-0.375,0.375
0.0,0.1
0.0,0.0
-0.05,0.65
0.0,0.0
0.575,0.725
0.5,0.5
0.056,0.578
-0.03,0.55
-0.2,0.0
0.0,0.0
-0.05,0.083
0.0,0.0
0.0,0.0
0.5,0.5
0.25,0.25
0.0,0.0
0.0,0.0
0.4,0.5
0.0,0.0
0.136,0.455
0.0,0.0
-0.1,0.233
0.0,0.067
0.8,0.75
0.0,0.0
0.3,0.5
-0.083,0.375
0.25,0.55
0.125,0.375
0.0,0.0
0.3,0.2
0.0,0.0
-0.293,0.433
0.5,0.5
0.0,0.4
0.0,0.1
0.1,0.4
0.0,0.0
0.0,0.0
0.192,0.305
0.042,0.388
0.0,0.283
-0.1,0.1
0.0,0.0
0.1,0.6
0.5,0.5
0.35,0.483
0.0,0.0
0.0,0.0
0.031,0.457
-0.156,0.289
-0.167,0.067
0.6,0.95
0.0,0.0
-0.25,0.375
0.8,0.75
0.0,0.0
0.0,0.067
-0.2,0.2
0.068,0.227
0.067,0.292
0.0,0.0
0.0,0.5
0.0,0.0
0.192,0.258
0.0,0.0
0.2,0.2
